三星,Samsung（三星） 手机,/cell_phone_index/subcate57_98_list_1.html
VIVO,vivo 手机,/cell_phone_index/subcate57_1795_list_1.html
OPPO,OPPO 手机,/cell_phone_index/subcate57_1673_list_1.html
LG,LG 手机,/cell_phone_index/subcate57_143_list_1.html
金立,金立 手机,/cell_phone_index/subcate57_1632_list_1.html
魅族,MEIZU（魅族） 手机,/cell_phone_index/subcate57_1434_list_1.html
华硕,ASUS（华硕） 手机,/cell_phone_index/subcate57_227_list_1.html
索尼,索尼移动 手机,/cell_phone_index/subcate57_1069_list_1.html
飞利浦,Philips（飞利浦） 手机,/cell_phone_index/subcate57_159_list_1.html
乐视,乐视 手机,/cell_phone_index/subcate57_33992_list_1.html
海信,Hisense（海信） 手机,/cell_phone_index/subcate57_19_list_1.html
酷比,koobee（酷比） 手机,/cell_phone_index/subcate57_34023_list_1.html
康佳,Konka（康佳） 手机,/cell_phone_index/subcate57_599_list_1.html
SUGAR,SUGAR 手机,/cell_phone_index/subcate57_35224_list_1.html
长虹,长虹 手机,/cell_phone_index/subcate57_1589_list_1.html
蓝魔,RAMOS（蓝魔） 手机,/cell_phone_index/subcate57_1050_list_1.html
PPTV,PPTV 手机,/cell_phone_index/subcate57_36791_list_1.html
邦华,BOWAY（邦华） 手机,/cell_phone_index/subcate57_34906_list_1.html
惠普,HP（惠普） 手机,/cell_phone_index/subcate57_223_list_1.html
海尔,Haier（海尔） 手机,/cell_phone_index/subcate57_221_list_1.html
纽曼,Newsmy（纽曼） 手机,/cell_phone_index/subcate57_1081_list_1.html
先锋,Pioneer（先锋） 手机,/cell_phone_index/subcate57_342_list_1.html
青橙,GreenOrange（青橙） 手机,/cell_phone_index/subcate57_34857_list_1.html
斐讯,freecomm（斐讯） 手机,/cell_phone_index/subcate57_33540_list_1.html
夏新,Amoi（夏新） 手机,/cell_phone_index/subcate57_563_list_1.html
亿通,ETON（亿通） 手机,/cell_phone_index/subcate57_34096_list_1.html
长虹,HONPhone（长虹） 手机,/cell_phone_index/subcate57_35398_list_1.html
天语,天语 手机,/cell_phone_index/subcate57_32729_list_1.html
华为,华为 手机,/cell_phone_index/subcate57_613_list_1.html
中兴,ZTE（中兴） 手机,/cell_phone_index/subcate57_642_list_1.html
TCL,TCL 手机,/cell_phone_index/subcate57_171_list_1.html
酷派,Coolpad（酷派） 手机,/cell_phone_index/subcate57_1606_list_1.html
努比亚,nubia（努比亚） 手机,/cell_phone_index/subcate57_35005_list_1.html
神舟,Hasee（神舟） 手机,/cell_phone_index/subcate57_35615_list_1.html
联想,联想 手机,/cell_phone_index/subcate57_1763_list_1.html
HTC,HTC 手机,/cell_phone_index/subcate57_33080_list_1.html
小米,小米 手机,/cell_phone_index/subcate57_34645_list_1.html
一加,OnePlus（一加） 手机,/cell_phone_index/subcate57_35579_list_1.html
联想,联想ZUK 手机,/cell_phone_index/subcate57_37319_list_1.html
ZUK,联想ZUK 手机,/cell_phone_index/subcate57_37319_list_1.html
锤子,Smartisan（锤子科技） 手机,/cell_phone_index/subcate57_35849_list_1.html
诺基亚,NOKIA（诺基亚） 手机,/cell_phone_index/subcate57_297_list_1.html
美图,美图 手机,/cell_phone_index/subcate57_35179_list_1.html
朵唯,朵唯 手机,/cell_phone_index/subcate57_33855_list_1.html
奇酷,QiKU（奇酷） 手机,/cell_phone_index/subcate57_37121_list_1.html
中国移动,中国移动 手机,/cell_phone_index/subcate57_33626_list_1.html
青葱,青葱 手机,/cell_phone_index/subcate57_34927_list_1.html
波导,Bird（波导） 手机,/cell_phone_index/subcate57_355_list_1.html
E人E本,E人E本 手机,/cell_phone_index/subcate57_34275_list_1.html
首云,SHOWN（首云） 手机,/cell_phone_index/subcate57_51281_list_1.html
富可视,富可视 手机,/cell_phone_index/subcate57_36409_list_1.html
LOVME,Lovme（爱我） 手机,/cell_phone_index/subcate57_37131_list_1.html
德赛,DESAY（德赛） 手机,/cell_phone_index/subcate57_36631_list_1.html
大可乐,大可乐 手机,/cell_phone_index/subcate57_35000_list_1.html
原点,原点 手机,/cell_phone_index/subcate57_35430_list_1.html
大Q,大Q 手机,/cell_phone_index/subcate57_36347_list_1.html
诺亚信,NOAIN（诺亚信） 手机,/cell_phone_index/subcate57_33936_list_1.html
欧博信,OPSSON（欧博信） 手机,/cell_phone_index/subcate57_33878_list_1.html
戴尔,DELL（戴尔） 手机,/cell_phone_index/subcate57_21_list_1.html
谷歌,Google（谷歌） 手机,/cell_phone_index/subcate57_1922_list_1.html
奥克斯,AUX（奥克斯） 手机,/cell_phone_index/subcate57_34584_list_1.html
欧新,HOSIN（欧新） 手机,/cell_phone_index/subcate57_34298_list_1.html
