华为揽阅 M2 10.0（64GB/WiFi版）,/tablepc/index1137541.shtml
酷比魔方IWORK11手写版,/tablepc/index1110165.shtml
联想YOGA平板3 8英寸（1GB/4G版）,/tablepc/index1099831.shtml
酷比魔方iwork10旗舰本（双系统）,/tablepc/index1142964.shtml
苹果iPad mini 4（128GB/WiFi版）,/tablepc/index1100287.shtml
小米平板2（MIUI/64GB）,/tablepc/index1116007.shtml
E人E本T9（32GB）,/tablepc/index394997.shtml
驰为Hi12,/tablepc/index1138956.shtml
华为揽阅 M2（64GB/LTE版）,/tablepc/index404951.shtml
华硕Zenpad 3 8.0,/tablepc/index1151685.shtml
华硕MeMO Pad 7（ME176CX）,/tablepc/index382969.shtml
华硕ZenPad 3S 10（Z500M）,/tablepc/index1148551.shtml
昂达V919 Air 双系统（黑金版）,/tablepc/index1102083.shtml
苹果9.7英寸iPad Pro（128GB/Cellular）,/tablepc/index1140755.shtml
联想Miix 300（32GB）,/tablepc/index397324.shtml
ThinkPad 8（20BNA00DCD）,/tablepc/index395898.shtml
中柏EZpad 4s时尚版,/tablepc/index400816.shtml
三星Galaxy Tab S3,/tablepc/index1138523.shtml
Google Pixel C,/tablepc/index1101418.shtml
驰为HiBook Pro,/tablepc/index1145062.shtml
七彩虹G808 八核 极速版,/tablepc/index400172.shtml
苹果9.7英寸iPad Pro（256GB/Cellular）,/tablepc/index1140756.shtml
联想YOGA平板2 10.1英寸（16GB/3G通话版/铂银）,/tablepc/index390737.shtml
昂达V820w CH,/tablepc/index1101915.shtml
联想Tab S8-50LC（16GB/通话版/乌木黑）,/tablepc/index391976.shtml
苹果12.9英寸iPad Pro（256GB/WiFi版）,/tablepc/index1140785.shtml
昂达V989 Air八核（黑金版）,/tablepc/index1102086.shtml
联想YOGA平板3 10.1英寸（4G版）,/tablepc/index1139720.shtml
E人E本T8S,/tablepc/index398958.shtml
昂达oBook10 Plus,/tablepc/index1142669.shtml
ThinkPad X1 Tablet（M5/4GB/128GB）,/tablepc/index1140851.shtml
蓝魔i9s Win8,/tablepc/index391380.shtml
三星GALAXY Tab A 8.0（P350）,/tablepc/index1099430.shtml
昂达V820w双系统（32GB）,/tablepc/index398238.shtml
ThinkPad 10（20C1A014CD）,/tablepc/index389338.shtml
酷比魔方IWORK8（双系统版）,/tablepc/index397425.shtml
联想TAB 2 A10-70F（16GB/WiFi版）,/tablepc/index1144442.shtml
台电P98 3G,/tablepc/index1148590.shtml
中柏EZpad 5s旗舰版,/tablepc/index1140945.shtml
联想Tab S8-50F（16GB/WIFI版/柠檬黄）,/tablepc/index391980.shtml
酷比魔方云本,/tablepc/index1139927.shtml
索尼SGP511CN/B（黑）,/tablepc/index373638.shtml
三星Galaxy Tab J,/tablepc/index1151680.shtml
中柏EZpad mini3时尚版,/tablepc/index1140942.shtml
华硕MeMO Pad 8（ME8150C）,/tablepc/index404451.shtml
酷比魔方i7酷睿M（64GB）,/tablepc/index401360.shtml
E人E本T8（荣耀版）,/tablepc/index387816.shtml
蓝魔i100 Pro,/tablepc/index401383.shtml
昂达oBook10 Pro,/tablepc/index1142317.shtml
ThinkPad 8（20BN001BCD）,/tablepc/index387840.shtml
索立信S8双核通讯3G版,/tablepc/index391472.shtml
联想YOGA平板2 8英寸（16GB/LTE版/铂银）,/tablepc/index390738.shtml
三星GALAXY Tab 5（SM-T555）,/tablepc/index394216.shtml
联想YOGA平板3 8英寸（2GB/WiFi版）,/tablepc/index1144396.shtml
原道W7,/tablepc/index395216.shtml
三星Galaxy View（SM-T670）,/tablepc/index1099336.shtml
驰为Vi8 Plus,/tablepc/index1116394.shtml
七彩虹G808 八核（16GB）,/tablepc/index398246.shtml
HTC T1H,/tablepc/index398965.shtml
SOSOON X10,/tablepc/index330998.shtml
中柏EZpad 5s双系统旗舰版,/tablepc/index405435.shtml
联想TAB 2 A8-50F（16GB/WiFi版/午夜蓝）,/tablepc/index866884.shtml
七彩虹i820 极速版,/tablepc/index1109495.shtml
普耐尔MOMO9W,/tablepc/index392548.shtml
昂达V116w Core M,/tablepc/index401529.shtml
台电P80S 四核,/tablepc/index400284.shtml
锡恩帝Freedom Ego（4GB/64GB）,/tablepc/index518416.shtml
昂达V975s八核,/tablepc/index397045.shtml
七彩虹i898A 3G,/tablepc/index397390.shtml
索立信S10（双核音乐版）,/tablepc/index384803.shtml
联想YOGA平板2 10.1英寸（16GB/WiFi版/刺金）,/tablepc/index393254.shtml
联想Tab 2-X30M（16GB/4G版）,/tablepc/index1144449.shtml
华硕MeMO Pad 10（ME103K）,/tablepc/index392384.shtml
华硕ZenPad C 7.0（Z170MG）,/tablepc/index1148545.shtml
联想YOGA平板3 10.1英寸（WiFi版）,/tablepc/index1139719.shtml
酷比魔方U63,/tablepc/index1144852.shtml
海信魔镜 F6281,/tablepc/index1135880.shtml
华硕Fonepad 7（FE170CG）,/tablepc/index395792.shtml
索立信S10四核教育版,/tablepc/index1101754.shtml
七彩虹G808 4G 八核极速版,/tablepc/index1100905.shtml
汇泽H7C,/tablepc/index385194.shtml
昂达V891w双系统,/tablepc/index1102081.shtml
亚马逊Kindle Fire HDX（7英寸/64GB）,/tablepc/index385009.shtml
戴尔Venue 10 7000（WiFi版/键盘）,/tablepc/index401278.shtml
昂达V891w CH（32GB）,/tablepc/index1144360.shtml
蓝魔i7s Win8版,/tablepc/index394841.shtml
SOSOON X18,/tablepc/index334535.shtml
品铂X9,/tablepc/index1101309.shtml
亚马逊Kindle Fire HDX（7英寸/32GB）,/tablepc/index385011.shtml
原道W8C自由光,/tablepc/index393536.shtml
品铂X8,/tablepc/index401971.shtml
联想TAB 3 8,/tablepc/index1139030.shtml
亚马逊Kindle Fire HD（16GB）,/tablepc/index355869.shtml
微软Surface 3（2GB/64GB/WiFi）,/tablepc/index363021.shtml
台电X80h,/tablepc/index389210.shtml
戴尔Venue 8 Pro,/tablepc/index363244.shtml
诺基亚Lumia 2520,/tablepc/index362562.shtml
三星GALAXY Tab 3 8.0（T311）,/tablepc/index357563.shtml
华为MediaPad 10FHD（16GB）,/tablepc/index312547.shtml
ThinkPad 10（20C1A013CD）,/tablepc/index380300.shtml
微软Surface 2（2GB/32GB）,/tablepc/index353335.shtml
苹果iPad 2（16GB/WIFI版）,/tablepc/index258242.shtml
Google Nexus 7,/tablepc/index278469.shtml
三星GALAXY Tab 3 7.0（T211）,/tablepc/index357562.shtml
微软Surface 3（4GB/128GB/WiFi）,/tablepc/index401203.shtml
三星GALAXY Tab 3 10.1（P5210）,/tablepc/index357146.shtml
Google Nexus 7（第二代/32GB）,/tablepc/index345983.shtml
苹果iPad 4（32GB/WiFi版）,/tablepc/index338918.shtml
苹果iPad mini（32GB/WIFI版）,/tablepc/index338938.shtml
联想IdeaPad Yoga11-TTH（日光橙）,/tablepc/index341545.shtml
联想A7-30（A3300）,/tablepc/index380294.shtml
三星Galaxy Tab Pro T320（WLAN版）,/tablepc/index368393.shtml
酷比魔方IWORK10（Win8）,/tablepc/index371038.shtml
三星Galaxy Note 10.1 2014 Edition P600（16GB/WLAN版）,/tablepc/index362245.shtml
三星N5110（Galaxy Note 8.0）,/tablepc/index345388.shtml
酷比魔方IWORK8（U80GT）,/tablepc/index383438.shtml
华为MediaPad 10 Link,/tablepc/index345789.shtml
昂达V972四核版（16GB）,/mid/index342647.shtml
三星GALAXY Tab 4 T531（3G版）,/tablepc/index371130.shtml
E人E本T6,/tablepc/index339604.shtml
三星Galaxy Tab Pro T520（WLAN版）,/tablepc/index368394.shtml
昂达V801四核版,/mid/index345969.shtml
索尼NWZ-X1050（16GB）,/tablepc/index173143.shtml
昂达V975w四核,/tablepc/index387328.shtml
驰为Vi8,/tablepc/index392109.shtml
Acer W4-820-Z3742G06aii,/tablepc/index363239.shtml
驰为V17（8GB）,/mid/index331019.shtml
KUPA X11 旗舰版,/tablepc/index305457.shtml
蓝魔i8c（16GB）,/tablepc/index368162.shtml
Colorfly CT972 Q.Cosy（32GB）,/mid/index344667.shtml
纽曼S9双核（16GB）,/mid/index340900.shtml
中兴V9e Light Tab,/mid/index282710.shtml
纽曼T3,/mid/index313783.shtml
华硕ME301T,/tablepc/index344293.shtml
品铂W1,/tablepc/index371406.shtml
原道N12冠军版（8GB）,/mid/index341531.shtml
爱国者MID P8880E 升级版,/mid/index238587.shtml
蓝魔W12,/mid/index268377.shtml
佳的美T860,/mid/index327909.shtml
台电A70,/tablepc/index360867.shtml
夏普RW-T107,/tablepc/index296117.shtml
台电X98 Air（Win8.1版）,/tablepc/index387418.shtml
台电P76A（8GB）,/mid/index330680.shtml
itc华银Win8PAD W908,/tablepc/index300648.shtml
昂达Vi30W双核版（8GB）,/mid/index330922.shtml
苹果iPod touch 3（64GB）,/tablepc/index210380.shtml
中兴V66,/mid/index301599.shtml
驰为V88HD,/tablepc/index361796.shtml
酷比魔方U8（8GB）,/mid/index271612.shtml
虹PAD H91,/tablepc/index331391.shtml
纽曼F7,/tablepc/index362136.shtml
蓝魔i12,/tablepc/index362227.shtml
台电P86（8GB）,/mid/index332263.shtml
创维M5,/tablepc/index269971.shtml
七喜Winpad P100（3G版）,/tablepc/index266329.shtml
爱国者Pad 707,/tablepc/index354377.shtml
爱国者M88四核版,/tablepc/index354380.shtml
爱国者N10HD版,/tablepc/index354383.shtml
AMPE A10四核3G版,/tablepc/index354434.shtml
AMPE A88mini,/tablepc/index354447.shtml
酷比魔方U8S（8GB）,/mid/index294066.shtml
山水V616,/mid/index294162.shtml
驰为V88（2GB内存）,/tablepc/index352610.shtml
伊克萨斯S703,/tablepc/index293941.shtml
原道N9（8GB）,/mid/index263382.shtml
纽曼S98（四核版）,/tablepc/index354207.shtml
HKC Q79（双核3G版）,/tablepc/index354211.shtml
创维M2,/tablepc/index295499.shtml
优派ViewPad 100i,/tablepc/index295500.shtml
昂达Vi30W旗舰版（8GB）,/mid/index323844.shtml
三星ATIV Tab,/tablepc/index330210.shtml
神行者PD70卓越型（8GB）,/mid/index330337.shtml
HKC K3528（Cross克洛斯）,/mid/index330376.shtml
昂达Vi40双核版（32GB）,/mid/index328649.shtml
联想乐Pad A1 WLAN 2GB（珍珠白）,/tablepc/index299883.shtml
普耐尔MOMO9三代（8GB）,/mid/index329014.shtml
帅酷M7 商务版,/tablepc/index236759.shtml
艾诺NOVO7极光II（16GB）,/mid/index325528.shtml
铭瑄 M81（8GB）,/mid/index326420.shtml
艾诺NOVO7精灵II（16GB）,/mid/index326521.shtml
优派Pad VB97,/tablepc/index325839.shtml
联想IdeaPad A1（8GB）,/tablepc/index297966.shtml
原道N70豪华版,/tablepc/index384582.shtml
AMPE A78双核版,/tablepc/index354444.shtml
普耐尔MOMO20S,/mid/index358815.shtml
Colorfly CT801 Q.Ait,/tablepc/index358860.shtml
Colorfly CT972 Q.Vanilla 2,/tablepc/index358863.shtml
索立信S10（双核风尚版）,/tablepc/index358374.shtml
索立信S10（风尚版II）,/tablepc/index358387.shtml
三星GALAXY Tab Plus T869,/tablepc/index299675.shtml
惠普Touchpad 白色版,/tablepc/index299688.shtml
台电T730,/mid/index269251.shtml
神行者PD10领袖版（16GB）,/mid/index328933.shtml
驰为V80（16GB）,/mid/index329397.shtml
e本通YOYO2/3G版（8GB）,/mid/index329803.shtml
斯贝S-MD99,/mid/index329878.shtml
驰为DX1,/tablepc/index389792.shtml
AMPE A698双核3G,/tablepc/index392086.shtml
尚伊G698双核3G,/tablepc/index392093.shtml
松下BizPad JT-581VT,/tablepc/index301940.shtml
现代S800（16GB）,/mid/index301943.shtml
惠普Touchpad（16GB）,/tablepc/index272077.shtml
东芝AT7-BT01G（香槟银）,/tablepc/index392311.shtml
科美视Kpad750,/tablepc/index302200.shtml
神行者PD10联通3G版（8GB）,/mid/index329316.shtml
SOSOON X18（极速四核II）,/tablepc/index359469.shtml
SOSOON X8（至尊版）,/tablepc/index359477.shtml
SOSOON X80（极速四核II）,/tablepc/index359479.shtml
SOSOON X8（双核至尊版）,/tablepc/index359488.shtml
SOSOON X5（精英双核）,/tablepc/index359489.shtml
SOSOON X10（风尚版II）,/tablepc/index359503.shtml
SOSOON X8（精英版II）,/tablepc/index359506.shtml
TG Super8 N1,/tablepc/index359684.shtml
华硕Transformer Pad Infinity TF700T（32GB）,/tablepc/index359702.shtml
KUPA X11 菁英版（64GB）,/tablepc/index305455.shtml
KUPA X11 基本版（32GB）,/tablepc/index305456.shtml
台电T58,/mid/index213013.shtml
世酷Mini700,/mid/index303160.shtml
华硕Transformer Pad TF502T,/tablepc/index363029.shtml
VOYO X6（3G版）,/tablepc/index363165.shtml
中恒i-880,/mid/index333018.shtml
台电P85a（8GB）,/mid/index333093.shtml
爱可视Archos 70（250GB）,/mid/index273230.shtml
美迪欧M9（8GB）,/tablepc/index273272.shtml
万利达Zpad T5（16GB）,/tablepc/index313004.shtml
万利达Zpad T5（32GB）,/tablepc/index313005.shtml
欧达风P550T,/tablepc/index342981.shtml
索立信S8（至尊版）,/mid/index343045.shtml
优派Pad VB730,/tablepc/index283313.shtml
itoos i7 pro（8GB）,/mid/index283354.shtml
GreatWay A11,/tablepc/index253504.shtml
GreatWay K89,/tablepc/index253506.shtml
中兴V9（3G/WCDMA版）,/mid/index282435.shtml
奥可视N17（4GB）,/mid/index282560.shtml
奥可视X90（4GB）WiFi版,/mid/index282568.shtml
奥可视X80（4GB）WiFi版,/mid/index282570.shtml
华硕Eee Pad Slider EP102,/tablepc/index282572.shtml
科特K-10A,/tablepc/index282608.shtml
科特K-10E,/tablepc/index282612.shtml
科特K-7A,/tablepc/index282616.shtml
科特K-7E,/tablepc/index282625.shtml
原道N20,/mid/index282675.shtml
原道N15i,/mid/index282687.shtml
华硕Eee Pad TF102,/tablepc/index282800.shtml
万利达Zpad T100（8GB）,/tablepc/index313221.shtml
万利达Zpad T100（16GB）,/tablepc/index313223.shtml
Wbin iexpect（3G领先版）,/tablepc/index343313.shtml
三星YP-GS1,/tablepc/index313792.shtml
优派Pad VB734 Pro,/tablepc/index309624.shtml
纽曼F76双核,/tablepc/index369517.shtml
纽曼F8四核,/tablepc/index369574.shtml
智器X7,/mid/index339595.shtml
神行者PD80尚品版（16GB）,/mid/index339669.shtml
原道N12导航版,/mid/index309563.shtml
艾诺NOVO7传奇,/mid/index339443.shtml
纽曼T8（8GB）,/mid/index339551.shtml
联想乐Pad S2010A（16GB/WIFI版）日光橙,/tablepc/index339558.shtml
联想乐Pad S2010A（16GB/WIFI版）午夜黑,/tablepc/index339561.shtml
联想乐Pad S2007A（16GB/WIFI版）午夜黑,/tablepc/index339566.shtml
爱可视Archos 9 CEO,/mid/index279714.shtml
世酷X10,/mid/index279813.shtml
虹PAD H7R,/tablepc/index308595.shtml
品铂S2（16GB）,/mid/index338586.shtml
优派ViewPad 97i Pro（WiFi版）,/tablepc/index338642.shtml
六虹N7（8GB）,/mid/index338662.shtml
速锐East9（16GB）,/mid/index338693.shtml
华硕Eee Pad Transformer Prime 7.0（16GB）,/tablepc/index309224.shtml
华硕Eee Pad Transformer Prime 7.0（64GB）,/tablepc/index309226.shtml
富士莱F788,/tablepc/index309229.shtml
汉王TouchPad D10,/tablepc/index309351.shtml
Acer Iconia B1-720,/tablepc/index369103.shtml
驰为V19双核,/mid/index339187.shtml
智聚嘉M7K4C,/mid/index339233.shtml
富士莱F979 精英版,/tablepc/index279471.shtml
富士莱F979 时尚版（3G版）,/tablepc/index279474.shtml
富士莱F979 时尚版,/tablepc/index279475.shtml
纽曼微薄A1（16GB）,/mid/index309084.shtml
酷比魔方U15GT2,/mid/index309164.shtml
酷比魔方U9GT普及版（8GB）,/mid/index309174.shtml
品铂U8T四核,/tablepc/index368919.shtml
速锐Fast7（16GB）,/mid/index338979.shtml
品铂M3/WIFI版,/mid/index339012.shtml
影乐M617,/tablepc/index279392.shtml
现代S900,/mid/index308394.shtml
爱可视Archos 70b IT,/mid/index308412.shtml
华硕Eee Pad TF201（旗舰版/64GB）,/tablepc/index308434.shtml
科特K-7H,/tablepc/index308438.shtml
科特K-7T,/tablepc/index308447.shtml
虹PAD H7（3G）,/tablepc/index308464.shtml
虹PAD H97W,/tablepc/index308467.shtml
原道N101双擎2（32GB）,/mid/index338556.shtml
锡恩帝V3000,/tablepc/index278820.shtml
纽曼K7（16GB）,/mid/index308832.shtml
纽曼NP711（32GB）,/mid/index308837.shtml
SMP MH1000（16GB）,/tablepc/index308942.shtml
SMP MH1000（8GB）,/tablepc/index308944.shtml
