13,??,3,X50TS,??X50TS,/cell_phone/index376347.shtml
20,??,1,X10i,?????X10i,/cell_phone/index201421.shtml
21,??,1,Xperia acro S,??LT26w?Xperia acro S?,/cell_phone/index305615.shtml
22,??,21,Xperia C,??S39h?Xperia C/????,/cell_phone/index353229.shtml
23,??,16,Xperia C3,??Xperia C3?S55T/??4G?,/cell_phone/index384593.shtml
23,??,16,Xperia C3,??Xperia C3?S55U/??4G?,/cell_phone/index384588.shtml
24,??,1,Xperia ion,??LT28h?Xperia ion?,/cell_phone/index301215.shtml
24,??,1,Xperia ion,??LT28i?Xperia ion?,/cell_phone/index330299.shtml
25,??,1,Xperia J,??ST26i?Xperia J?,/cell_phone/index310402.shtml
26,??,3,Xperia P,??LT22i?Xperia P?,/cell_phone/index305612.shtml
27,??,13,Xperia S,??LT26i?Xperia S?,/cell_phone/index294893.shtml
28,??,4,Xperia SL,??LT26ii?Xperia SL?,/cell_phone/index329539.shtml
29,??,3,Xperia SP,??Xperia SP?M35h/????,/cell_phone/index343135.shtml
29,??,3,Xperia SP,??Xperia SP?M35c/????,/cell_phone/index346972.shtml
30,??,1,Xperia T,??LT30p?Xperia T?,/cell_phone/index328322.shtml
31,??,11,Xperia T2 Ultra,??Xperia T2 Ultra?XM50t/??4G?,/cell_phone/index376293.shtml
31,??,11,Xperia T2 Ultra,??Xperia T2 Ultra?XM50h/??3G?,/cell_phone/index369676.shtml
32,??,7,Xperia TX,??LT29i?Xperia TX?,/cell_phone/index309589.shtml
33,??,57,Xperia Z,??L36h?Xperia Z/??3G?,/cell_phone/index338136.shtml
34,??,14,Xperia Z Ultra,??XL39h?Xperia Z Ultra?,/cell_phone/index350402.shtml
35,??,52,Xperia Z1,??Xperia Z1?L39h/??3G?,/cell_phone/index351123.shtml
35,??,52,Xperia Z1,??Xperia Z1?L39t/??4G?,/cell_phone/index366588.shtml
35,??,52,Xperia Z1,??Xperia Z1?L39u/??4G?,/cell_phone/index368904.shtml
36,??,7,Xperia Z1 ???,??Xperia Z1 ????M51w/??3G?,/cell_phone/index358031.shtml
37,??,94,Xperia Z2,??Xperia Z2?L50w/??3G?,/cell_phone/index362193.shtml
37,??,94,Xperia Z2,??Xperia Z2?L50t/??4G?,/cell_phone/index372101.shtml
37,??,94,Xperia Z2,??Xperia Z2?L50u/??4G?,/cell_phone/index368216.shtml
38,??,25,Xperia Z3,??Xperia Z3?L55T/??4G?,/cell_phone/index372435.shtml
38,??,25,Xperia Z3,??Xperia Z3?L55U/??4G?,/cell_phone/index386961.shtml
38,??,25,Xperia Z3,??Xperia Z3????/??4G?,/cell_phone/index1154708.shtml
38,??,25,Xperia Z3,??Xperia Z3????/?4G?,/cell_phone/index1154709.shtml
39,??,2,Xperia Z3 Compact,??Xperia Z3 Compact?M55W?,/cell_phone/index383462.shtml
41,??,3,Xperia Z3+ Dual,??Xperia Z3+ Dual?E6533/?4G?,/cell_phone/index385210.shtml
42,??,5,Xperia Z5,??Xperia Z5??4G?,/cell_phone/index399568.shtml
43,??,2,Xperia Z5 Premium,??Xperia Z5 Premium????/?4G?,/cell_phone/index799045.shtml
43,??,2,Xperia Z5 Premium,??Xperia Z5 Premium????/??4G?,/cell_phone/index1154714.shtml
44,??,4,Xperia ZL,??L35h?Xperia ZL?,/cell_phone/index337732.shtml
45,??,1,Xperia ZR ,??M36h?Xperia ZR?,/cell_phone/index344556.shtml
46,??,34,??,?????CM810/?4G?,/cell_phone/index398443.shtml
50,??,7,2,??2???3G?,/cell_phone/index378508.shtml
51,??,30,M4,??M4??4G?,/cell_phone/index398533.shtml
52,??,1,M4s,??M4S??4G?,/cell_phone/index1115478.shtml
54,??,8,V4,??V4??4G?,/cell_phone/index1100911.shtml
58,E?E?,1,T9,E?E?T9?32GB?,/tablepc/index394997.shtml
60,??,12,A2580,??A2580???4G?,/cell_phone/index1100041.shtml
61,??,1,A269i,??A269i?????,/cell_phone/index374719.shtml
62,??,14,A2800d,??A2800d???4G?,/cell_phone/index400458.shtml
63,??,2,A2860,??A2860???4G?,/cell_phone/index1110172.shtml
64,??,1,A298t,??A298t?????,/cell_phone/index335080.shtml
66,??,2,A318t,??A318t?????,/cell_phone/index364613.shtml
67,??,37,A320t,??A320T???4G?,/cell_phone/index387652.shtml
69,??,2,A330e,??A330e???3G?,/cell_phone/index394318.shtml
70,??,2,A338t,??A338t???3G?,/cell_phone/index386823.shtml
71,??,5,A355e,??A355e???3G?,/cell_phone/index400775.shtml
72,??,1,A356,??A356,/cell_phone/index346560.shtml
73,??,8,A3600d,??A3600d???4G?,/cell_phone/index399459.shtml
74,??,22,A360t,??A360T???4G?,/cell_phone/index386265.shtml
75,??,1,A366t,??A366t,/cell_phone/index315554.shtml
76,??,4,A368t,??A368T???4G?,/cell_phone/index390851.shtml
77,??,1,A376,??A376,/cell_phone/index356912.shtml
78,??,1,A378t,??A378t?????,/cell_phone/index364608.shtml
79,??,45,A3800d,??A3800d???4G?,/cell_phone/index396069.shtml
80,??,9,A380t,??A380t???4G?,/cell_phone/index386826.shtml
82,??,1,A388t,??A388t???3G?,/cell_phone/index371880.shtml
83,??,1,A3890,??A3890??4G?,/cell_phone/index1115501.shtml
84,??,1,A390,??A390?????,/cell_phone/index349030.shtml
85,??,10,A3900,??A3900???4G?,/cell_phone/index400517.shtml
85,??,10,A3900,??A3900????/??4G?,/cell_phone/index1145105.shtml
86,??,3,A390t,??A390t?????,/cell_phone/index353129.shtml
87,??,1,A398t,??A398t???3G?,/cell_phone/index360868.shtml
88,??,3,A398t+,??A398t+?????,/cell_phone/index367733.shtml
89,??,4,A399,??A399???3G?,/cell_phone/index1145110.shtml
90,??,1,A516,??A516???3G?,/cell_phone/index361912.shtml
91,??,1,A560,??A560,/cell_phone/index379609.shtml
92,??,21,A5800-D,??A5800-D???4G?,/cell_phone/index394265.shtml
94,??,3,A630t,??A630t?????,/cell_phone/index345949.shtml
95,??,1,A658t,??A658t?????,/cell_phone/index357863.shtml
96,??,6,A670t,??A670t???3G?,/cell_phone/index354798.shtml
97,??,7,A678t,??A678t???3G?,/cell_phone/index364605.shtml
98,??,3,A680,??A680?????,/cell_phone/index368850.shtml
100,??,4,A688t,??A688T???4G?,/cell_phone/index387066.shtml
101,??,3,A706,??A706,/cell_phone/index351213.shtml
102,??,24,A708t,??A708t,/cell_phone/index369457.shtml
103,??,2,A750,??A750,/cell_phone/index308779.shtml
104,??,1,A760,??A760?????,/cell_phone/index350641.shtml
105,??,2,A766,??A766?????,/cell_phone/index361009.shtml
106,??,4,A768t,??A768t???4G?,/cell_phone/index386211.shtml
107,??,2,A770e,??A770e?????,/cell_phone/index359928.shtml
108,??,1,A785e,??A785e?????,/cell_phone/index381584.shtml
109,??,67,A788t,??A788t???4G?,/cell_phone/index372066.shtml
110,??,3,A789,??A789,/cell_phone/index327598.shtml
111,??,3,A798t,??A798t?????,/cell_phone/index336347.shtml
112,??,9,A8-50,??TAB 2 A8-50F?16GB/WiFi?/????,/tablepc/index866884.shtml
114,??,13,A820,??A820?????,/cell_phone/index346409.shtml
115,??,5,A820e,??A820e?????,/cell_phone/index353127.shtml
116,??,30,A820t,??A820t?????,/cell_phone/index346410.shtml
117,??,5,A828t,??A828t???3G?,/cell_phone/index367735.shtml
118,??,5,A830,??A830?????,/cell_phone/index350638.shtml
119,??,26,A850,??A850?????,/cell_phone/index358062.shtml
120,??,9,A850+,??A850+?????,/cell_phone/index374600.shtml
121,??,15,A858t,??A858t???4G?,/cell_phone/index392809.shtml
122,??,1,A860e,??A860e?????,/cell_phone/index365942.shtml
123,??,18,A880,??A880???3G?,/cell_phone/index368947.shtml
124,??,2,A889,??A889?????,/cell_phone/index374118.shtml
125,??,12,A890e,??A890e?????,/cell_phone/index378176.shtml
126,??,74,??????S8,??????S8?A7600-m/??4G?,/cell_phone/index396596.shtml
126,??,74,??????S8,??????S8?A7600/?4G?,/cell_phone/index399346.shtml
127,??,2,??VIBE X2,??VIBE X2?X2-TO/??4G?,/cell_phone/index387281.shtml
127,??,2,??VIBE X2,??VIBE X2?X2-CU/??4G?,/cell_phone/index387278.shtml
129,??,140,????A8,??????A8?A808T/??4G?,/cell_phone/index384343.shtml
129,??,140,????A8,??????A8?A806/??4G?,/cell_phone/index384346.shtml
129,??,140,????A8,??????A8?A3860/?????/??4G?,/cell_phone/index404957.shtml
129,??,140,????A8,??????A8?A3580/?????/??4G?,/cell_phone/index405417.shtml
129,??,140,????A8,??????A8?A808T-I/???/??4G?,/cell_phone/index395508.shtml
129,??,140,????A8,??????A8?A3860/?????/??4G?,/cell_phone/index1143664.shtml
130,??,2,???????,??A916????????/??4G?,/cell_phone/index386215.shtml
131,??,24,????Note8,??????Note8?A938t/???/??4G?,/cell_phone/index392887.shtml
131,??,24,????Note8,??????Note8?A936/???/??4G?,/cell_phone/index392889.shtml
131,??,24,????Note8,??????Note8?A938t/???/??4G?,/cell_phone/index392876.shtml
131,??,24,????Note8,??????Note8?A936/???/??4G?,/cell_phone/index392888.shtml
136,??,6,K80,??K80?K80M/???/?4G?,/cell_phone/index401648.shtml
136,??,6,K80,??K80?K80M/???/?4G?,/cell_phone/index401646.shtml
137,??,1,K860,??K860,/cell_phone/index329308.shtml
138,??,13,K860i,??K860i,/cell_phone/index340805.shtml
139,??,3,K900,??K900?16GB?,/cell_phone/index341269.shtml
139,??,3,K900,??K900?32GB?,/cell_phone/index352269.shtml
141,??,15,P70,??P70???4G/2GB RAM?,/cell_phone/index394677.shtml
141,??,15,P70,??P70???4G/1GB RAM?,/cell_phone/index394669.shtml
142,??,1,P700,??P700,/cell_phone/index321818.shtml
143,??,1,P700i,??P700i,/cell_phone/index333168.shtml
144,??,8,P770,??P770,/cell_phone/index339996.shtml
145,??,5,P780,??P780?????,/cell_phone/index349480.shtml
146,??,1,PHAB,??phab 2 PRO?????,/cell_phone/index1146200.shtml
146,??,1,PHAB,??PHAB?????,/cell_phone/index1136502.shtml
147,??,1,PHAB Plus,??PHAB Plus?????,/cell_phone/index880510.shtml
149,??,7,S60t,????S60t???4G?,/cell_phone/index393327.shtml
150,??,2,S650,??S650,/cell_phone/index365808.shtml
151,??,14,S658t,??S658T???3G?,/cell_phone/index367887.shtml
152,??,1,S660,??S660,/cell_phone/index371916.shtml
152,??,1,S660,??S660,/cell_phone/index155350.shtml
153,??,1,S668t,??S668T???3G?,/cell_phone/index387614.shtml
154,??,1,S686,??S686,/cell_phone/index329297.shtml
155,??,1,S696,??S696,/cell_phone/index339701.shtml
156,??,3,S720,??S720,/cell_phone/index331973.shtml
157,??,3,S720i,??S720i?????,/cell_phone/index343255.shtml
158,??,19,S810t,??S810t,/cell_phone/index382735.shtml
159,??,6,S820,??S820?????,/cell_phone/index348215.shtml
160,??,1,s820e,??S820e?????,/cell_phone/index358871.shtml
161,??,7,S850,??S850???3G?,/cell_phone/index371905.shtml
162,??,16,S850t,??S850t???3G?,/cell_phone/index382155.shtml
164,??,3,S858t,??S858t???3G?,/cell_phone/index391122.shtml
165,??,3,S860e,??S860e???4G?,/cell_phone/index384086.shtml
166,??,6,S868t,??S868t?????,/cell_phone/index349736.shtml
167,??,1,S870e,??S870e?????,/cell_phone/index336334.shtml
168,??,2,S880,??S880?4GB?,/cell_phone/index326528.shtml
169,??,6,S890,??S890,/cell_phone/index340233.shtml
170,??,29,S898t,??S898t???3G?,/cell_phone/index361885.shtml
171,??,1,S90-e,????S90?S90-e/??4G?,/cell_phone/index395708.shtml
172,??,12,S90-t,????S90?S90-t/2GB RAM/??4G?,/cell_phone/index397433.shtml
172,??,12,S90-t,????S90?S90-t/1GB RAM??4G?,/cell_phone/index390214.shtml
173,??,2,S90-u,????S90?S90-u/1GB RAM/??4G?,/cell_phone/index392808.shtml
173,??,2,S90-u,????S90?S90-u/2GB RAM/??4G?,/cell_phone/index397435.shtml
174,??,8,S920,??S920,/cell_phone/index348213.shtml
175,??,5,S938t,??S938t,/cell_phone/index374595.shtml
176,??,3,S939,??S939,/cell_phone/index367737.shtml
177,??,6,S960,??VIBE X?S960?,/cell_phone/index360847.shtml
181,??,7,VIBE P1,??VIBE P1?????,/cell_phone/index1100179.shtml
181,??,7,VIBE P1,??VIBE P1??4G?,/cell_phone/index404758.shtml
182,??,16,Vibe Shot,??VIBE Shot?Z90-3/??4G?,/cell_phone/index397344.shtml
182,??,16,Vibe Shot,??VIBE Shot?Z90-7/????,/cell_phone/index401073.shtml
183,??,8,VIBE X,??VIBE X?S960?,/cell_phone/index360847.shtml
183,??,8,VIBE X,??VIBE X?S968T/??3G?,/cell_phone/index363173.shtml
184,??,29,VIBE X2,??VIBE X2?X2-TO/??4G?,/cell_phone/index387281.shtml
184,??,29,VIBE X2,??VIBE X2?X2-CU/??4G?,/cell_phone/index387278.shtml
185,??,8,VIBE Z,??VIBE Z?K910/????,/cell_phone/index366237.shtml
185,??,8,VIBE Z,??VIBE Z?K910/????,/cell_phone/index358472.shtml
185,??,8,VIBE Z,??VIBE Z?K910e/????,/cell_phone/index365466.shtml
186,??,13,VIBE Z2,??VIBE Z2???4G?,/cell_phone/index381389.shtml
187,??,7,Vibe Z2 Pro,??VIBE Z2 Pro?K920/??4G?,/cell_phone/index382520.shtml
189,??,6,??3,????3???4G?,/cell_phone/index1137456.shtml
190,??,107,??K3,????K3?K30-T/??4G?,/cell_phone/index392545.shtml
190,??,107,??K3,????K3????K30-T/2GB RAM/??4G?,/cell_phone/index398460.shtml
190,??,107,??K3,????K3?K30-E/??4G?,/cell_phone/index398461.shtml
190,??,107,??K3,????K3?K30-W/??4G?,/cell_phone/index394944.shtml
190,??,107,??K3,????K3????K30-T/8GB ROM/??4G?,/cell_phone/index402567.shtml
191,??,140,??K3 Note,????K3 Note?K50-T5/?4G?,/cell_phone/index396593.shtml
191,??,140,??K3 Note,????K3 Note?K50-T3s/??4G?,/cell_phone/index840570.shtml
191,??,140,??K3 Note,????K3 Note????/?4G?,/cell_phone/index398459.shtml
192,??,2,??K31,????K3?K31-T3/??4G?,/cell_phone/index1140922.shtml
193,??,2,??X3,????X3??4G?,/cell_phone/index1100891.shtml
193,??,2,??X3,????X3????/????,/cell_phone/index1102575.shtml
193,??,2,??X3,????X3?????,/cell_phone/index1110225.shtml
194,??,1,TL1000,??TL1000,/cell_phone/index378867.shtml
195,??,1,U11,??U11??4G?,/cell_phone/index1138128.shtml
196,??,2,U7,??U7???4G?,/cell_phone/index401163.shtml
197,??,2,V9,??V9,/cell_phone/index368790.shtml
198,??,1,V95,??V95???4G?,/cell_phone/index404664.shtml
199,??,1,V95 Pro,??V95 Pro??4G?,/cell_phone/index404666.shtml
203,??,1,H1,??Halo?H1/??3G?,/cell_phone/index364877.shtml
204,??,1,H1S,??H1S???4G?,/cell_phone/index391428.shtml
205,??,7,H2,??Halo?H2/??4G?,/cell_phone/index392509.shtml
206,??,4,H3,??Halo?H3/??4G?,/cell_phone/index392511.shtml
208,??,2,H7,??H7??4G?,/cell_phone/index1142344.shtml
209,??,5,M1,??MUSE?M1?,/cell_phone/index367166.shtml
210,??,2,MAX3,??MAX3???4G?,/cell_phone/index387073.shtml
211,??,1,MUSE,??MUSE?M2?,/cell_phone/index375771.shtml
212,??,3,S1,??S1,/cell_phone/index375773.shtml
213,??,8,S2,??S2???4G?,/cell_phone/index387642.shtml
214,??,3,S3,??S3???4G?,/cell_phone/index400840.shtml
216,??,3,S6,??S6???4G?,/cell_phone/index1142349.shtml
222,??,1,5200,??5200?????,/cell_phone/index383625.shtml
223,??,1,5200S,??5200S???3G?,/cell_phone/index392869.shtml
225,??,4,5217,??5217?????,/cell_phone/index375301.shtml
228,??,7,5263,??5263???4G?,/cell_phone/index1115518.shtml
229,??,3,5263S,??5263S???4G?,/cell_phone/index1115681.shtml
230,??,2,5311,??5311?????,/cell_phone/index384816.shtml
231,??,1,5313S,??5313S???4G?,/cell_phone/index393552.shtml
232,??,2,5316,??5316???4G?,/cell_phone/index392863.shtml
233,??,15,5360,??5360???4G?,/cell_phone/index1145891.shtml
234,??,1,5860S,??5860S?????,/cell_phone/index336097.shtml
236,??,2,5876,??5876?????,/cell_phone/index347296.shtml
237,??,8,5890,??5890?????,/cell_phone/index344623.shtml
238,??,8,5891,??5891?????,/cell_phone/index358618.shtml
239,??,10,5891Q,??5891Q?????,/cell_phone/index374110.shtml
240,??,10,5892,??5892???4G?,/cell_phone/index380411.shtml
241,??,10,5950,??5950?????,/cell_phone/index356579.shtml
242,??,18,5951,??5951?????,/cell_phone/index368539.shtml
243,??,3,5956,??5956???4G?,/cell_phone/index395314.shtml
244,??,2,7105,??7105???4G?,/cell_phone/index394445.shtml
248,??,2,7270,??7270?????,/cell_phone/index367619.shtml
249,??,3,7270-W00,??7270-W00,/cell_phone/index386550.shtml
251,??,15,7295,??7295?????,/cell_phone/index344620.shtml
253,??,1,7295A???,??7295A????/????,/cell_phone/index358113.shtml
254,??,14,7295C,????7295?7295C/????,/cell_phone/index365200.shtml
255,??,13,7296,??7296?????,/cell_phone/index358978.shtml
257,??,5,7298D,??7298D?????,/cell_phone/index376352.shtml
258,??,3,7320,??7320,/cell_phone/index378861.shtml
260,??,2,7605,??7605???4G?,/cell_phone/index393702.shtml
261,??,21,7620l,??K1?7620L/??4G?,/cell_phone/index374325.shtml
262,??,2,8017,??8017-T00???4G?,/cell_phone/index384485.shtml
263,??,7,8017-T00,??8017-T00???4G?,/cell_phone/index384485.shtml
265,??,1,8076D,??8076D???3G?,/cell_phone/index374973.shtml
266,??,1,8079,??8079???3G?,/cell_phone/index360927.shtml
267,??,3,8085,??8085???3G?,/cell_phone/index353459.shtml
269,??,1,8089,??8089???3G?,/cell_phone/index365475.shtml
270,??,1,8105,??8105???4G?,/cell_phone/index1140704.shtml
272,??,2,8150D,??8150D?????,/cell_phone/index337180.shtml
273,??,1,8185,??8185?????,/cell_phone/index353256.shtml
275,??,3,8195,??8195?????,/cell_phone/index352233.shtml
277,??,3,8295,??8295C?????,/cell_phone/index374980.shtml
278,??,12,8702,??8702???4G?,/cell_phone/index380632.shtml
279,??,3,8702D,??8702D???4G?,/cell_phone/index389907.shtml
280,??,18,8705,??8705???4G?,/cell_phone/index372078.shtml
281,??,2,8707,??8707???4G?,/cell_phone/index397494.shtml
282,??,9,8712,??8712???4G?,/cell_phone/index401178.shtml
282,??,9,8712,??8712????/??4G?,/cell_phone/index1145889.shtml
284,??,5,8713,??8713???4G?,/cell_phone/index393714.shtml
286,??,2,8717,??8717???4G?,/cell_phone/index559230.shtml
287,??,8,8720,????S 8720?????,/cell_phone/index348277.shtml
288,??,54,8720L,??8720L???4G?,/cell_phone/index367964.shtml
289,??,9,8721,??8721???4G?,/cell_phone/index495455.shtml
290,??,2,8722,??8722V???4G?,/cell_phone/index1144167.shtml
291,??,20,8729,??8729???4G?,/cell_phone/index380095.shtml
292,??,17,8730L,??8730L???4G?,/cell_phone/index367963.shtml
293,??,4,8732,??8732???4G?,/cell_phone/index385986.shtml
294,??,1,8736,??8736???4G?,/cell_phone/index366398.shtml
295,??,6,8750,????SII 8750???3G?,/cell_phone/index357275.shtml
296,??,53,9190l,??S6?9190L/??4G?,/cell_phone/index368543.shtml
297,??,12,9976A,,/cell_phone/index366252.shtml
299,??,2,??S+,????S+ 8720Q???3G?,/cell_phone/index357870.shtml
300,??,69,??,?????Y75/??4G?,/cell_phone/index393550.shtml
300,??,69,??,?????Y80D/??4G?,/cell_phone/index395321.shtml
300,??,69,??,?????Y76/??4G?,/cell_phone/index394447.shtml
301,??,7,??2,????2?Y82-820/??4G?,/cell_phone/index1099335.shtml
301,??,7,??2,????2?????,/cell_phone/index1100025.shtml
301,??,7,??2,????2?Y82-520/??4G?,/cell_phone/index1102236.shtml
302,??,2,??Air,????Air?Y71-811/??4G?,/cell_phone/index1109700.shtml
302,??,2,??Air,????Air?Y71-711/?4G?,/cell_phone/index1140073.shtml
302,??,2,??Air,????Air?Y71-511/??4G?,/cell_phone/index1115664.shtml
303,??,19,??Max,????MAX?A8-930/????,/cell_phone/index1101825.shtml
303,??,19,??Max,????MAX????/????,/cell_phone/index1137971.shtml
303,??,19,??Max,????MAX?A8-831/??4G?,/cell_phone/index1137974.shtml
303,??,19,??Max,????MAX????/????,/cell_phone/index1116196.shtml
303,??,19,??Max,????MAX????/????,/cell_phone/index1116197.shtml
304,??,1,??mini,????mini?????,/cell_phone/index1139252.shtml
305,??,53,??Pro,????Pro?Y90/??4G?,/cell_phone/index400358.shtml
305,??,53,??Pro,????Pro?T2-C01/??4G?,/cell_phone/index400898.shtml
305,??,53,??Pro,????Pro?T2-00/????,/cell_phone/index400899.shtml
305,??,53,??Pro,????Pro?Y90/??4G?,/cell_phone/index403407.shtml
305,??,53,??Pro,????Pro?T2-W01/?4G?,/cell_phone/index1138727.shtml
306,??,513,,??F2?8675-W00/??4G?,/cell_phone/index387087.shtml
306,??,513,,??F2?8675-HD/??4G?,/cell_phone/index384896.shtml
307,??,12,ivvi K1 mini,,/cell_phone/index395806.shtml
310,??,23,ivvi ?i,,/cell_phone/index402648.shtml
312,??,15,K1,??K1?7620L/??4G?,/cell_phone/index374325.shtml
312,??,15,K1,??K1?5952/??4G?,/cell_phone/index380917.shtml
313,??,11,S6,??S6?9190L/??4G?,/cell_phone/index368543.shtml
313,??,11,S6,??S6?9190-T00/??4G?,/cell_phone/index376523.shtml
315,??,22,T1,????T1???4G?,/cell_phone/index383679.shtml
316,??,9,Y1,??Y1???4G?,/cell_phone/index386936.shtml
317,??,1,Y60-C1,??Y60-C1???3G?,/cell_phone/index386939.shtml
318,??,7,Y70-C,??Y70-C???4G?,/cell_phone/index390233.shtml
319,??,23,Y80D,?????Y80D/??4G?,/cell_phone/index395321.shtml
320,??,1,?????,????????8298-A01/????,/cell_phone/index1100876.shtml
321,??,12,,??1S?9976D/??4G?,/cell_phone/index393795.shtml
321,??,12,,??1S?9976T?,/cell_phone/index380787.shtml
322,??,286,,??F1?8297/??3G?,/cell_phone/index369290.shtml
322,??,286,,??F1????8297-T01/??4G?,/cell_phone/index398164.shtml
322,??,286,,??F1????????,/cell_phone/index398329.shtml
322,??,286,,??F1?8297-C00/??4G?,/cell_phone/index374056.shtml
322,??,286,,??F1?8297W/??3G?,/cell_phone/index373870.shtml
322,??,286,,??F1????8297D/??3G?,/cell_phone/index387081.shtml
323,??,139,,??F1 Plus?8297-T01/??4G?,/cell_phone/index392290.shtml
323,??,139,,??F1 Plus?8297-W01/??4G?,/cell_phone/index391660.shtml
324,??,159,,??F2???4G?,/cell_phone/index387089.shtml
324,??,159,,??F2????8675-A/????,/cell_phone/index394054.shtml
325,??,77,,??F2?????8675-FHD/?4G?,/cell_phone/index393632.shtml
326,??,17,,??Note?8670?,/cell_phone/index381881.shtml
327,??,173,,??Note3?????,/cell_phone/index403554.shtml
327,??,173,,??Note3????/????,/cell_phone/index1136874.shtml
327,??,173,,??Note3???4G?,/cell_phone/index405313.shtml
328,??,49,??X7,??X7?8690/?4G?,/cell_phone/index392838.shtml
328,??,49,??X8,??X7?8691-00/???/????,/cell_phone/index394837.shtml
328,??,49,??X9,??X7?8690-T00/??4G?,/cell_phone/index394838.shtml
329,??,5,??4,????4?8971/???/??4G/???,/cell_phone/index383595.shtml
329,??,5,??4,????4?9970/??3G?,/cell_phone/index359423.shtml
330,??,2,????,???????V1-C/??4G?,/cell_phone/index386127.shtml
330,??,2,????,???????????,/cell_phone/index404150.shtml
331,??,2,??HD,????HD?7298A/????,/cell_phone/index370279.shtml
332,??,3,E3,??E3?????,/cell_phone/index352806.shtml
334,??,11,E6,??E6,/cell_phone/index356650.shtml
334,??,11,E6,??E6?????,/cell_phone/index357871.shtml
335,??,5,E6T,??E6T?????,/cell_phone/index363031.shtml
336,??,4,E7,??E7?2GB RAM/??3G?,/cell_phone/index366586.shtml
336,??,4,E7,??E7?3GB RAM/??3G?,/cell_phone/index375774.shtml
337,??,4,E8,??E8??4G?,/cell_phone/index399125.shtml
341,??,29,ELIFE S5.5,S5.5,/cell_phone/index371597.shtml
342,??,23,??,?????GN5001S/????,/cell_phone/index1116928.shtml
342,??,23,??,?????GN5001/?4G?,/cell_phone/index1101722.shtml
343,??,1,??3,??GN709L???3?,/cell_phone/index371938.shtml
344,??,134,F103,??F103?1GB RAM/??4G?,/cell_phone/index403639.shtml
345,??,7,F103S,??F103S??4G?,/cell_phone/index1101299.shtml
346,??,22,F301,??F301???4G?,/cell_phone/index390821.shtml
347,??,15,F303,??F303???4G?,/cell_phone/index403212.shtml
348,??,1,GN106,??GN106,/cell_phone/index305121.shtml
349,??,1,GN128,??GN128,/cell_phone/index385450.shtml
350,??,5,GN137,??GN137?????,/cell_phone/index359310.shtml
352,??,23,GN151,??GN151,/cell_phone/index385453.shtml
353,??,8,GN152,??GN152???4G?,/cell_phone/index1099500.shtml
354,??,4,GN5001S,?????GN5001S/????,/cell_phone/index1116928.shtml
356,??,1,GN700T,??GN700T?????,/cell_phone/index337182.shtml
357,??,2,GN705T,??GN705T?????,/cell_phone/index352230.shtml
358,??,2,GN706L,??GN706L???3 Mini?,/cell_phone/index379273.shtml
359,??,1,GN708T,??GN708T?????,/cell_phone/index346404.shtml
360,??,2,GN708W,??GN708W?????,/cell_phone/index345315.shtml
361,??,4,GN715,??GN715??4G?,/cell_phone/index386522.shtml
362,??,1,GN810,??GN810,/cell_phone/index353617.shtml
363,??,1,GN878,??GN878,/cell_phone/index346143.shtml
364,??,9,GN9002,??E7T?GN9002/?3G?,/cell_phone/index366585.shtml
365,??,16,M3,??M3???4G?,/cell_phone/index391804.shtml
366,??,2,M3S,??M3s??4G?,/cell_phone/index1099503.shtml
367,??,54,M5,??M5?16GB/????,/cell_phone/index401661.shtml
368,??,25,M5 Plus,??M5 Plus?????,/cell_phone/index1116618.shtml
369,??,9,S5.1,??S5.1?GN9005/??4G?,/cell_phone/index385212.shtml
369,??,9,S5.1,??S5.1 Pro??4G?,/cell_phone/index1099498.shtml
370,??,16,S5.1Pro,??S5.1 Pro??4G?,/cell_phone/index1099498.shtml
371,??,27,S5.5L,??S5.5L?GN9000L/??4G?,/cell_phone/index385422.shtml
372,??,52,S6,??S6??4G?,/cell_phone/index1102247.shtml
373,??,64,S7,??S7?GN9006/?4G?,/cell_phone/index396612.shtml
374,??,6,V182,??V182???3G?,/cell_phone/index358846.shtml
375,??,8,V183,??V183???4G?,/cell_phone/index393358.shtml
376,??,8,V185,??V185,/cell_phone/index369776.shtml
377,??,9,V188,??V188???/??4G?,/cell_phone/index386526.shtml
378,??,14,V188S,??V188S???/??4G?,/cell_phone/index390121.shtml
379,??,1,W800,??W800,/cell_phone/index360832.shtml
380,??,7,X805,??X805,/cell_phone/index362455.shtml
381,??,5,X817,??X817,/cell_phone/index359321.shtml
382,??,4,??T1,????T1,/cell_phone/index369218.shtml
383,??,7,??W900,????W900??4G?,/cell_phone/index393911.shtml
384,??,5,??W900S,????W900s?????,/cell_phone/index404592.shtml
384,??,5,??W900S,????W900s????/????,/cell_phone/index1145125.shtml
390,???,27,U3,,/cell_phone/index387133.shtml
391,??,3,Mos1,??Mos1??4G?,/cell_phone/index402561.shtml
392,??,125,T1,????T1???3G?,/cell_phone/index378886.shtml
392,??,125,T1,????T1??4G?,/cell_phone/index380788.shtml
393,??,6,T2,????Smartisan T2?????,/cell_phone/index390973.shtml
393,??,194,????,?????????YQ601/?4G?,/cell_phone/index397877.shtml
393,??,194,????,?????????????,/cell_phone/index1137730.shtml
394,??,194,????,??????????????YQ607/????,/cell_phone/index1138687.shtml
394,??,194,????,??????????????YQ603/?4G?,/cell_phone/index1101726.shtml
394,??,194,????,?????????YQ605/??4G?,/cell_phone/index1145882.shtml
394,??,194,????,???????????4G?,/cell_phone/index1109542.shtml
398,??,9,metal ???,??metal????/?4G?,/cell_phone/index1116713.shtml
399,??,2,N1-Y,??N1-Y,/cell_phone/index373240.shtml
400,??,3,N2,??N2?????,/cell_phone/index1099120.shtml
401,???,1,V526,???V526??4G?,/cell_phone/index1099075.shtml
403,??,2,P1,??P1????/??4G?,/cell_phone/index1144772.shtml
404,??,112,??,???????4G?,/cell_phone/index392849.shtml
404,??,112,??,?????YunOS/??4G?,/cell_phone/index397928.shtml
405,??,417,??2,????2??4G?,/cell_phone/index402725.shtml
405,??,417,??2,????2???4G?,/cell_phone/index404599.shtml
405,??,417,??2,????2???4G?,/cell_phone/index414530.shtml
405,??,417,??2,????2???4G?,/cell_phone/index404598.shtml
406,??,296,??metal,????metal??4G?,/cell_phone/index1101680.shtml
406,??,296,??metal,????metal???4G?,/cell_phone/index1102275.shtml
406,??,296,??metal,????metal???4G?,/cell_phone/index1102272.shtml
407,??,762,??NOTE,????Note???4G?,/cell_phone/index375146.shtml
407,??,762,??NOTE,????Note???4G?,/cell_phone/index395087.shtml
407,??,762,??NOTE,????Note???4G?,/cell_phone/index393990.shtml
408,??,919,??Note 2,????Note 2??4G?,/cell_phone/index400842.shtml
408,??,919,??Note 2,????Note 2???4G?,/cell_phone/index402124.shtml
408,??,919,??Note 2,????Note 2???4G?,/cell_phone/index402121.shtml
409,??,1,??Note3,????Note 3?????,/cell_phone/index1140876.shtml
409,??,1,??Note3,????Note 3????/????,/cell_phone/index1141853.shtml
413,??,106,MX2,??MX2?16GB?,/cell_phone/index334869.shtml
413,??,106,MX2,??MX2?32GB?,/cell_phone/index341758.shtml
413,??,106,MX2,??MX2?TD????,/cell_phone/index347429.shtml
413,??,106,MX2,??MX2?????,/cell_phone/index345234.shtml
413,??,106,MX2,??MX2?64GB?,/cell_phone/index341759.shtml
414,??,346,MX3,??MX3???3G?,/cell_phone/index346855.shtml
414,??,346,MX3,??MX3???3G?,/cell_phone/index361249.shtml
414,??,346,MX3,??MX3????/??3G?,/cell_phone/index361176.shtml
415,??,571,MX4,??MX4??4G?,/cell_phone/index368420.shtml
415,??,571,MX4,??MX4???4G?,/cell_phone/index387771.shtml
415,??,571,MX4,??MX4????/?4G?,/cell_phone/index390617.shtml
415,??,571,MX4,??MX4?Ubuntu?/?4G?,/cell_phone/index401204.shtml
415,??,571,MX4,??MX4?YunOS/?4G?,/cell_phone/index390523.shtml
416,??,360,MX4 Pro,??MX4 Pro??4G?,/cell_phone/index366995.shtml
416,??,360,MX4 Pro,??MX4 Pro???4G?,/cell_phone/index394438.shtml
417,??,555,MX5,??MX5???4G?,/cell_phone/index393034.shtml
417,??,555,MX5,??MX5??4G?,/cell_phone/index1099975.shtml
417,??,555,MX5,??MX5???4G?,/cell_phone/index403915.shtml
418,??,119,PRO5,??PRO 5?4GB RAM/?4G?,/cell_phone/index397500.shtml
418,??,119,PRO5,??PRO 5?3GB RAM/?4G?,/cell_phone/index1101075.shtml
418,??,119,PRO5,??PRO 5?4GB RAM/??4G?,/cell_phone/index1101076.shtml
418,??,119,PRO5,??PRO 5?Ubuntu?/??4G?,/cell_phone/index1138708.shtml
418,??,119,PRO5,??PRO 5?3GB RAM/??4G?,/cell_phone/index1101077.shtml
419,??,36,???,??????????/?4G?,/cell_phone/index398930.shtml
420,??,5,??? X1,??????X1???4G?,/cell_phone/index404658.shtml
421,??,24,???Note,??????Note???4G?,/cell_phone/index398743.shtml
422,??,1,???Note3,??????Note3??4G?,/cell_phone/index1137960.shtml
423,??,3,???NX Plus,??????NX??4G?,/cell_phone/index1100954.shtml
424,??,4,???XM,??????XM?XM-T/??4G?,/cell_phone/index1099967.shtml
425,??,7,?????? Plus,?????????? Plus/?4G?,/cell_phone/index404934.shtml
428,??,4,??? 6,???6?  LA6/??4G?,/cell_phone/index394633.shtml
431,??,3,??? X3,???X3?LA3-L/??4G?,/cell_phone/index400728.shtml
433,??,4,???S1,???S1 Pro???4G?,/cell_phone/index1140969.shtml
434,??,1,???X5,???X5??4G?,/cell_phone/index1115427.shtml
436,???,2,X2,???X2,/cell_phone/index371889.shtml
437,???,9,XL,???XL???4G?,/cell_phone/index385613.shtml
437,???,9,XL,???XL,/cell_phone/index371890.shtml
440,??,6,Nexus 7,Google Nexus 7,/tablepc/index278469.shtml
440,??,6,Nexus 7,Google Nexus 7????/32GB?,/tablepc/index345983.shtml
449,HTC,2,603e,HTC E1?603e?,/cell_phone/index346362.shtml
450,HTC,4,606w,HTC Desire 606w?????,/cell_phone/index352271.shtml
451,HTC,1,608t,HTC Desire 608t?????,/cell_phone/index352489.shtml
452,HTC,8,802d,HTC One?802d/??/????,/cell_phone/index346753.shtml
453,HTC,23,802w,HTC One?802w/??/????,/cell_phone/index346750.shtml
454,HTC,13,Butterfly,HTC X920e?Butterfly?,/cell_phone/index330489.shtml
455,HTC,2,Butterfly s,HTC Butterfly S?9060/??/????,/cell_phone/index357989.shtml
455,HTC,2,Butterfly s,HTC Butterfly S?901e/????,/cell_phone/index350237.shtml
455,HTC,2,Butterfly s,HTC Butterfly S?919d/????,/cell_phone/index357986.shtml
455,HTC,2,Butterfly s,HTC Butterfly S?9088/????,/cell_phone/index357990.shtml
456,HTC,2,D516w,HTC Desire D516w?????,/cell_phone/index371325.shtml
457,HTC,1,Desire 310,HTC Desire 310?????,/cell_phone/index372861.shtml
458,HTC,1,Desire 610,HTC Desire 610t???4G?,/cell_phone/index371976.shtml
459,HTC,8,Desire 610t,HTC Desire 610t???4G?,/cell_phone/index371976.shtml
460,HTC,3,Desire 616,HTC Desire 616?D616w?,/cell_phone/index369074.shtml
461,HTC,15,Desire 626,HTC Desire 626?626w/??4G?,/cell_phone/index395702.shtml
461,HTC,15,Desire 626,HTC Desire 626?d626w/???/?4G?,/cell_phone/index398213.shtml
461,HTC,15,Desire 626,HTC Desire 626?626d/??4G?,/cell_phone/index396203.shtml
461,HTC,15,Desire 626,HTC Desire 626?626t/??4G?,/cell_phone/index396809.shtml
462,HTC,2,Desire 7088,HTC Desire 7088?????,/cell_phone/index361377.shtml
463,HTC,83,Desire 816,HTC Desire 816?816w/??3G?,/cell_phone/index370154.shtml
463,HTC,83,Desire 816,HTC Desire 816?816t/??4G?,/cell_phone/index373179.shtml
463,HTC,83,Desire 816,HTC Desire 816?816v/??4G?,/cell_phone/index384099.shtml
463,HTC,83,Desire 816,HTC Desire 816?816d/??3G?,/cell_phone/index373181.shtml
463,HTC,83,Desire 816,HTC Desire 816?816e/??4G?,/cell_phone/index386366.shtml
463,HTC,83,Desire 816,HTC Desire 816?816w/Wefly???? ,/cell_phone/index385712.shtml
464,HTC,73,Desire 820,HTC Desire 820?D820u/?4G?,/cell_phone/index386846.shtml
464,HTC,73,Desire 820,HTC Desire 820?D820t/??4G?,/cell_phone/index389187.shtml
465,HTC,6,Desire 820 Mini,HTC Desire 820 Mini?D820mt/??4G?,/cell_phone/index392367.shtml
465,HTC,6,Desire 820 Mini,HTC Desire 820 Mini?D820mu/?4G?,/cell_phone/index388179.shtml
466,HTC,17,Desire 826,HTC Desire 826w????/?4G?,/cell_phone/index394593.shtml
466,HTC,17,Desire 826,HTC Desire 826t???4G?,/cell_phone/index395090.shtml
466,HTC,17,Desire 826,HTC Desire 826d???4G?,/cell_phone/index398951.shtml
466,HTC,17,Desire 826,HTC Desire 826s????/?4G?,/cell_phone/index399174.shtml
467,HTC,1,Desire D316d,HTC Desire D316d?????,/cell_phone/index375166.shtml
468,HTC,3,Desire D516t,HTC Desire D516t?????,/cell_phone/index374687.shtml
469,HTC,6,G11,HTC G11?Incredible S?,/cell_phone/index272621.shtml
470,HTC,13,M8,HTC One M8?M8t/??4G?,/cell_phone/index357993.shtml
470,HTC,13,M8,HTC One M8?M8d/??4G?,/cell_phone/index384100.shtml
470,HTC,13,M8,HTC One M8?M8s/??4G?,/cell_phone/index397110.shtml
470,HTC,13,M8,HTC One M8?M8e/??/??4G?,/cell_phone/index398176.shtml
471,HTC,21,M8St,HTC One E8?M8St/???/??4G?,/cell_phone/index376995.shtml
473,HTC,81,One,HTC One?802t/??/??3G?,/cell_phone/index346752.shtml
473,HTC,81,One,HTC One?802d/??/????,/cell_phone/index346753.shtml
473,HTC,81,One,HTC One?801e/16GB/????,/cell_phone/index347796.shtml
473,HTC,81,One,HTC One?802w/??/????,/cell_phone/index346750.shtml
473,HTC,81,One,HTC One?32GB/??/????,/cell_phone/index342695.shtml
474,HTC,2,One A9,HTC One A9?2GB RAM/?4G?,/cell_phone/index403560.shtml
474,HTC,2,One A9,HTC One A9?3GB RAM/?4G?,/cell_phone/index1102226.shtml
475,HTC,18,One E8,HTC One E8?M8St/???/??4G?,/cell_phone/index376995.shtml
475,HTC,18,One E8,HTC One E8?M8Sw/???/??4G?,/cell_phone/index381677.shtml
475,HTC,18,One E8,HTC One E8?M8Sd/???/??4G?,/cell_phone/index384101.shtml
476,HTC,7,One E9,HTC One E9?E9t/??4G? ,/cell_phone/index401130.shtml
477,HTC,32,One M8,HTC One M8?M8t/??4G?,/cell_phone/index357993.shtml
477,HTC,32,One M8,HTC One M8?M8d/??4G?,/cell_phone/index384100.shtml
477,HTC,32,One M8,HTC One M8?M8s/??4G?,/cell_phone/index397110.shtml
477,HTC,32,One M8,HTC One M8?M8e/??/??4G?,/cell_phone/index398176.shtml
477,HTC,32,One M8,HTC One M8???/????,/cell_phone/index375803.shtml
478,HTC,5,One M8 Eye,HTC One M8 Eye?M8Et/??4G?,/cell_phone/index388688.shtml
479,HTC,7,One M9,HTC One M9?M9W/??4G?,/cell_phone/index382389.shtml
480,HTC,5,One M9+,HTC One M9+?m9pw/?4G?,/cell_phone/index393280.shtml
480,HTC,5,One M9+,HTC One M9+?M9pt/??4G?,/cell_phone/index404393.shtml
480,HTC,5,One M9+,HTC One M9+?OIS?????/??4G?,/cell_phone/index1145628.shtml
481,HTC,3,One M9e,HTC One M9?M9e/OIS?????/??4G?,/cell_phone/index1102382.shtml
482,HTC,8,One max,HTC One max?8160/??/??TD-LTE??,/cell_phone/index371442.shtml
482,HTC,8,One max,HTC One max?809D/??/????,/cell_phone/index360837.shtml
482,HTC,8,One max,HTC One max?8088/??/??4G?,/cell_phone/index360836.shtml
482,HTC,8,One max,HTC One max?8060/??/????,/cell_phone/index354691.shtml
482,HTC,8,One max,HTC One max???/????,/cell_phone/index364071.shtml
482,HTC,8,One max,HTC One max???/????,/cell_phone/index364064.shtml
482,HTC,8,One max,HTC One max?803e/???,/cell_phone/index366904.shtml
483,HTC,5,One ME,HTC One ME?M9ew/?4G? ,/cell_phone/index400515.shtml
483,HTC,5,One ME,HTC One ME?M9et/??4G? ,/cell_phone/index401587.shtml
484,HTC,2,One S,HTC One S,/cell_phone/index304642.shtml
484,HTC,2,One S,HTC One S?Z560e/????,/cell_phone/index320898.shtml
485,HTC,10,One X,HTC One X?S720e/G23/32GB?,/cell_phone/index304371.shtml
485,HTC,10,One X,HTC One X?S720e/G23/16GB?,/cell_phone/index334160.shtml
486,HTC,3,One X9,HTC One X9??4G?,/cell_phone/index1105795.shtml
486,HTC,3,One X9,HTC One X9????/?4G?,/cell_phone/index1139104.shtml
488,HTC,1,T328w,HTC T328w????V/????,/cell_phone/index318216.shtml
489,HTC,1,T329d,HTC T329d?????,/cell_phone/index339486.shtml
490,HTC,4,T329t,HTC T329t?????,/cell_phone/index339483.shtml
491,HTC,2,T528d,HTC T528d?One SC/????,/cell_phone/index335050.shtml
492,HTC,1,T528t,HTC T528t?One ST/????,/cell_phone/index335047.shtml
493,HTC,1,T528w,HTC T528w?One SU/????,/cell_phone/index335049.shtml
494,HTC,1,X920e,HTC X920e?Butterfly?,/cell_phone/index330489.shtml
496,HTC,1,??HD,HTC A9191???HD?,/cell_phone/index267750.shtml
499,LG,1,G Pro Lite Dual,LG G Pro Lite Dual,/cell_phone/index363156.shtml
500,LG,31,G2,LG G2?D802/16GB?,/cell_phone/index359718.shtml
500,LG,31,G2,LG G2?D802/32GB?,/cell_phone/index341788.shtml
501,LG,1,G2 Mini,LG G2 Mini?D620?,/cell_phone/index367625.shtml
502,LG,45,G3,LG G3?D855/???/2GB RAM?,/cell_phone/index368388.shtml
502,LG,45,G3,LG G3?D855/???/3GB RAM?,/cell_phone/index390885.shtml
502,LG,45,G3,LG G3?D858/??4G?,/cell_phone/index381334.shtml
502,LG,45,G3,LG G3????D857/?4G?,/cell_phone/index381388.shtml
502,LG,45,G3,LG G3?D859/??4G?,/cell_phone/index381335.shtml
503,LG,12,G4,LG G4?H818/?4G?,/cell_phone/index390378.shtml
503,LG,12,G4,LG G4?H819/??4G?,/cell_phone/index401734.shtml
504,LG,6,L22,LG L22,/cell_phone/index378932.shtml
505,LG,27,Nexus 4,LG Nexus 4?LTE??,/cell_phone/index352422.shtml
505,LG,27,Nexus 4,LG E960?Nexus 4/8GB?,/cell_phone/index337466.shtml
505,LG,27,Nexus 4,LG E960?Nexus 4/16GB?,/cell_phone/index339164.shtml
506,LG,31,Nexus 5,LG Nexus 5?16GB?,/cell_phone/index345245.shtml
506,LG,31,Nexus 5,LG Nexus 5?32GB?,/cell_phone/index365091.shtml
507,LG,8,Optimus G Pro,LG Optimus G Pro?F240K?,/cell_phone/index340802.shtml
507,LG,8,Optimus G Pro,LG Optimus G Pro 2,/cell_phone/index368974.shtml
507,LG,8,Optimus G Pro,LG Optimus G Pro?E985T/??4G?,/cell_phone/index370015.shtml
508,LG,2,Optimus G Pro 2,LG Optimus G Pro 2,/cell_phone/index368974.shtml
509,LG,2,Optimus LTE,LG LU6200?Optimus LTE?,/cell_phone/index298323.shtml
510,LG,2,P880,LG P880?Optimus 4X HD?,/cell_phone/index310329.shtml
514,OPPO,6,1100,OPPO 1100???4G?,/cell_phone/index391649.shtml
515,OPPO,31,1105,OPPO 1105???4G?,/cell_phone/index391644.shtml
516,OPPO,81,1107,OPPO 1107???4G?,/cell_phone/index391647.shtml
517,OPPO,1,3000,OPPO 3000???4G?,/cell_phone/index396944.shtml
518,OPPO,9,3005,OPPO 3005???4G?,/cell_phone/index393410.shtml
519,OPPO,63,3007,OPPO 3007???4G?,/cell_phone/index392581.shtml
520,OPPO,59,6607,OPPO U3?6607/??4G?,/cell_phone/index391703.shtml
521,OPPO,51,A11,OPPO A11???4G?,/cell_phone/index403185.shtml
522,OPPO,7,A30,OPPO A30?????,/cell_phone/index1136798.shtml
523,OPPO,291,A31,OPPO A31?A31t/??4G?,/cell_phone/index399169.shtml
523,OPPO,291,A31,OPPO A31?A31c/??4G?,/cell_phone/index401698.shtml
523,OPPO,291,A31,OPPO A31?A31u/??4G?,/cell_phone/index403636.shtml
524,OPPO,141,A33,OPPO A33???4G?,/cell_phone/index1101326.shtml
524,OPPO,141,A33,OPPO A33?????,/cell_phone/index1102845.shtml
525,OPPO,66,A51,OPPO A51???4G?,/cell_phone/index402229.shtml
525,OPPO,66,A51,OPPO A51???4G?,/cell_phone/index515332.shtml
527,OPPO,86,A53,OPPO A53???4G?,/cell_phone/index1116112.shtml
527,OPPO,86,A53,OPPO A53?????,/cell_phone/index1116528.shtml
528,OPPO,1,Find 3,OPPO X905?Find 3?,/cell_phone/index309309.shtml
529,OPPO,93,Find 5,OPPO X909?Find 5/16GB?,/cell_phone/index332882.shtml
529,OPPO,93,Find 5,OPPO X909?Find 5/????,/cell_phone/index352833.shtml
529,OPPO,93,Find 5,OPPO X909?Find 5/32GB?,/cell_phone/index342231.shtml
529,OPPO,93,Find 5,OPPO X909?Find 5/????,/cell_phone/index354118.shtml
530,OPPO,264,Find 7,OPPO Find 7????/??4G?,/cell_phone/index1144578.shtml
530,OPPO,264,Find 7,OPPO Find 7?X9077/???/??4G?,/cell_phone/index353751.shtml
530,OPPO,264,Find 7,OPPO Find 7?X9007/???/??4G?,/cell_phone/index371732.shtml
530,OPPO,264,Find 7,OPPO Find 7?X9000/???/??4G?,/cell_phone/index378793.shtml
530,OPPO,264,Find 7,OPPO Find 7?X9070/???/??4G?,/cell_phone/index383762.shtml
531,OPPO,132,N1 Mini,OPPO N1 Mini?N5117/??4G?,/cell_phone/index374511.shtml
531,OPPO,132,N1 Mini,OPPO N1 Mini?N5110/??4G?,/cell_phone/index387325.shtml
532,OPPO,47,N1T,OPPO N1?16GB/??3G?,/cell_phone/index359145.shtml
533,OPPO,4,N1W,OPPO N1?32GB/????,/cell_phone/index362668.shtml
534,OPPO,62,N3,OPPO N3?N5207/??4G?,/cell_phone/index388575.shtml
534,OPPO,62,N3,OPPO N3?N5209/?4G?,/cell_phone/index397268.shtml
535,OPPO,42,R1,OPPO R1?R829T?,/cell_phone/index366987.shtml
536,OPPO,257,R1C,OPPO R1C?R8207/??4G?,/cell_phone/index393122.shtml
536,OPPO,257,R1C,OPPO R1C?R8200/??4G?,/cell_phone/index393975.shtml
536,OPPO,257,R1C,OPPO R1C?R8205/??4G?,/cell_phone/index392909.shtml
537,OPPO,151,R1S,OPPO R1S?R8007/??4G?,/cell_phone/index377157.shtml
537,OPPO,151,R1S,OPPO R1S?R8000/??4G?,/cell_phone/index384497.shtml
538,OPPO,8,R2010,OPPO R2010???4G? ,/cell_phone/index385855.shtml
539,OPPO,85,R2017,OPPO R2017???4G?,/cell_phone/index380548.shtml
540,OPPO,180,R3,OPPO R3?R7007/??4G?,/cell_phone/index382372.shtml
540,OPPO,180,R3,OPPO R3?R7005/??4G?,/cell_phone/index382994.shtml
540,OPPO,180,R3,OPPO R3?ZOL????,/cell_phone/index384484.shtml
541,OPPO,99,R5,OPPO R5?R8107/??4G?,/cell_phone/index390990.shtml
541,OPPO,99,R5,OPPO R5?R8109/?4G?,/cell_phone/index397998.shtml
542,OPPO,91,R6007,OPPO R6007???4G?,/cell_phone/index381746.shtml
543,OPPO,814,R7,OPPO R7?R7t/??4G?,/cell_phone/index398466.shtml
543,OPPO,814,R7,OPPO R7?R7c/??4G?,/cell_phone/index400512.shtml
544,OPPO,632,R7 Plus,OPPO R7 Plus?????,/cell_phone/index400141.shtml
544,OPPO,632,R7 Plus,OPPO R7 Plus????????,/cell_phone/index1117242.shtml
544,OPPO,632,R7 Plus,OPPO R7 Plus???4G?,/cell_phone/index401419.shtml
544,OPPO,632,R7 Plus,OPPO R7 Plus??????4G? ,/cell_phone/index1117245.shtml
545,OPPO,535,R7s,OPPO R7s???4G?,/cell_phone/index1100486.shtml
545,OPPO,535,R7s,OPPO R7s?4GB RAM/????,/cell_phone/index1102110.shtml
545,OPPO,535,R7s,OPPO R7s?3GB RAM/????,/cell_phone/index1102095.shtml
546,OPPO,9,R8000,OPPO R1S?R8000/??4G?,/cell_phone/index384497.shtml
547,OPPO,1,R801,OPPO R801,/cell_phone/index324736.shtml
548,OPPO,11,R809T,OPPO R809T?????,/cell_phone/index351619.shtml
549,OPPO,15,R815T,OPPO R815T?????,/cell_phone/index350647.shtml
550,OPPO,1,R817,OPPO R817,/cell_phone/index335753.shtml
552,OPPO,34,R819T,OPPO R819T?????,/cell_phone/index358077.shtml
553,OPPO,60,R8205,OPPO R1C?R8205/??4G?,/cell_phone/index392909.shtml
554,OPPO,21,R821T,OPPO R821T?????,/cell_phone/index356514.shtml
555,OPPO,18,R823T,OPPO R823T?????,/cell_phone/index359612.shtml
556,OPPO,26,R827T,OPPO R827T?????,/cell_phone/index367884.shtml
557,OPPO,2,R830,OPPO R830?????,/cell_phone/index381013.shtml
558,OPPO,3,R830S,OPPO R830S???4G?,/cell_phone/index385857.shtml
559,OPPO,89,R831S,OPPO R831S???4G?,/cell_phone/index380679.shtml
560,OPPO,22,R831T,OPPO R831T?????,/cell_phone/index368499.shtml
561,OPPO,8,R833T,OPPO R833T?????,/cell_phone/index365412.shtml
562,OPPO,3,R850,OPPO R850,/cell_phone/index367768.shtml
563,OPPO,12,R9,OPPO R9?????,/cell_phone/index1115953.shtml
563,OPPO,12,R9,OPPO R9??4G? ,/cell_phone/index1143667.shtml
563,OPPO,12,R9,OPPO R9???4G?,/cell_phone/index1140494.shtml
564,OPPO,2,R9 Plus,OPPO R9 Plus?????,/cell_phone/index1139746.shtml
564,OPPO,2,R9 Plus,OPPO R9 Plus????/????,/cell_phone/index1143154.shtml
564,OPPO,2,R9 Plus,OPPO R9 Plus??4G?,/cell_phone/index1140496.shtml
565,OPPO,1,T29,OPPO T29,/cell_phone/index336212.shtml
566,OPPO,16,U705T,OPPO Ulike2?U705T/????,/cell_phone/index340796.shtml
567,OPPO,29,U707T,OPPO U707T?U2S/????,/cell_phone/index353966.shtml
568,OPPO,1,Ulike2,OPPO Ulike2?U705T/????,/cell_phone/index340796.shtml
568,OPPO,1,Ulike2,OPPO Ulike2?U705W/????,/cell_phone/index354053.shtml
569,OPPO,8,X907,OPPO X907(Finder),/cell_phone/index323025.shtml
570,PPTV,1,King 7s,PPTV PP King 7s???3D?/?4G?,/cell_phone/index399504.shtml
571,SUGAR,1,2C,SUGAR 2C?SS122 /?4G?,/cell_phone/index1098763.shtml
572,TCL,1,302U,TCL 302U???4G?,/cell_phone/index1116511.shtml
573,TCL,6,idol X,TCL idol X?S950?,/cell_phone/index356178.shtml
573,TCL,6,idol X,TCL idol X?S950T?,/cell_phone/index362088.shtml
574,TCL,1,idol3,TCL idol3?i806/5.5/????,/cell_phone/index397531.shtml
575,TCL,1,J636D+,TCL J636D+,/cell_phone/index373372.shtml
576,TCL,1,J738M,TCL J738M???TD-LTE??,/cell_phone/index375382.shtml
577,TCL,8,ono,TCL ono?P620M/??4G? ,/cell_phone/index400757.shtml
578,TCL,7,P301M,TCL P301M???4G?,/cell_phone/index388389.shtml
580,TCL,4,P308L,TCL P308L???4G? ,/cell_phone/index400897.shtml
581,TCL,2,P316L,TCL P316L???4G? ,/cell_phone/index401390.shtml
581,TCL,2,P316L,TCL P316L????/??4G?,/cell_phone/index1145999.shtml
582,TCL,1,P318L,TCL P318L???4G?,/cell_phone/index1136309.shtml
583,TCL,3,P331M,TCL P331M???4G?,/cell_phone/index388395.shtml
584,TCL,1,P332U,TCL P332U???4G?,/cell_phone/index396467.shtml
584,TCL,1,P332U,TCL P332U+???4G?,/cell_phone/index401690.shtml
585,TCL,1,P335M,TCL P335M???4G?,/cell_phone/index401306.shtml
586,TCL,4,P360W,TCL P360W???3G?,/cell_phone/index391229.shtml
587,TCL,4,P500M,TCL P500M???4G?,/cell_phone/index392945.shtml
588,TCL,1,P501M,TCL P501M???4G?,/cell_phone/index401170.shtml
589,TCL,1,P520L,TCL P520L???4G?,/cell_phone/index389219.shtml
591,TCL,1,P688L,TCL P688L,/cell_phone/index385582.shtml
592,TCL,1,S720,TCL ????S720T/??3G?,/cell_phone/index375709.shtml
592,TCL,1,S720,TCL ????S720/??3G?,/cell_phone/index378120.shtml
593,TCL,2,S838M,TCL S838M???4G?,/cell_phone/index375399.shtml
594,TCL,11,???,TCL ????P728M/??4G?,/cell_phone/index383457.shtml
594,TCL,11,???,TCL ????S720T/??3G?,/cell_phone/index375709.shtml
594,TCL,11,???,TCL ????S720/??3G?,/cell_phone/index378120.shtml
594,TCL,11,???,TCL ????S725T/??3G?,/cell_phone/index378622.shtml
595,TCL,41,???3N,TCL ???3N?M2M/??4G?,/cell_phone/index393778.shtml
595,TCL,41,???3N,TCL ???3N?M2L/??4G?,/cell_phone/index397925.shtml
595,TCL,41,???3N,TCL ???3N?M2U/?4G?,/cell_phone/index396020.shtml
596,TCL,14,??,TCL ???P588L/??4G?,/cell_phone/index400972.shtml
597,TCL,2,??2C,TCL ??2C?P590L/??4G?,/cell_phone/index1115949.shtml
598,vivo,1,E3,vivo E3,/cell_phone/index326382.shtml
599,vivo,2,E5,vivo E5,/cell_phone/index344237.shtml
600,vivo,9,S11T,vivo S11t?????,/cell_phone/index344650.shtml
601,vivo,1,S12,vivo S12,/cell_phone/index331856.shtml
602,vivo,4,S7,vivo S7,/cell_phone/index325644.shtml
603,vivo,20,S7I,vivo S7i?t??????,/cell_phone/index367320.shtml
604,vivo,2,S7T,vivo S7t?????,/cell_phone/index359833.shtml
605,vivo,8,S9,vivo S9,/cell_phone/index334464.shtml
606,vivo,2,S9T,vivo S9t?????,/cell_phone/index346411.shtml
607,vivo,1,V1,vivo V1,/cell_phone/index293248.shtml
608,vivo,10,X1,vivo X1,/cell_phone/index335387.shtml
609,vivo,4,X1S,vivo X1S,/cell_phone/index339469.shtml
610,vivo,27,X1ST,vivo X1St?????,/cell_phone/index350671.shtml
611,vivo,18,X3F,vivo X3F???4G?,/cell_phone/index387054.shtml
612,vivo,236,X3L,vivo X3L???4G?,/cell_phone/index380015.shtml
613,vivo,34,X3S,vivo X3S?????,/cell_phone/index369487.shtml
614,vivo,111,X3T,vivo X3t???3G?,/cell_phone/index359293.shtml
615,vivo,46,X3V,vivo X3V???4G?,/cell_phone/index382148.shtml
616,vivo,142,X5L,vivo X5L???4G?,/cell_phone/index387076.shtml
617,vivo,224,X5M,vivo X5M???4G?,/cell_phone/index401277.shtml
618,vivo,91,X5Max,vivo X5Max F???4G?,/cell_phone/index391643.shtml
618,vivo,91,X5Max,vivo X5Max L???4G?,/cell_phone/index392008.shtml
618,vivo,91,X5Max,vivo X5Max S????/??4G?,/cell_phone/index400914.shtml
618,vivo,91,X5Max,vivo X5Max V???4G? ,/cell_phone/index397724.shtml
619,vivo,224,X5Max+,vivo X5Max+???4G?,/cell_phone/index396924.shtml
619,vivo,224,X5Max+,vivo X5Max+????/??4G?,/cell_phone/index404332.shtml
620,vivo,386,X5Pro,vivo X5Pro??4G?,/cell_phone/index399281.shtml
621,vivo,210,X5SL,vivo X5SL???4G?,/cell_phone/index395014.shtml
622,vivo,100,X5V,vivo X5V???4G?,/cell_phone/index392874.shtml
623,vivo,77,X6,vivo X6??4G?,/cell_phone/index391741.shtml
624,vivo,258,X6 D,vivo X6?????,/cell_phone/index1116576.shtml
625,vivo,33,X6 L,vivo X6??4G?,/cell_phone/index391741.shtml
626,vivo,70,X6 Plus,vivo X6Plus??4G?,/cell_phone/index1110241.shtml
627,vivo,81,X6 Plus D,vivo X6Plus?????,/cell_phone/index1116578.shtml
628,vivo,117,X710L,vivo Xshot?X710L/????,/cell_phone/index379633.shtml
628,vivo,117,X710L,vivo Xshot?X710L/????,/cell_phone/index376453.shtml
629,vivo,117,Xplay,vivo Xplay?16GB?,/cell_phone/index347649.shtml
629,vivo,113,Xplay,vivo Xplay?32GB?,/cell_phone/index353414.shtml
629,vivo,113,Xplay,vivo Xplay?????,/cell_phone/index356972.shtml
630,vivo,151,Xplay3S,vivo Xplay3S?X520A/?4G?,/cell_phone/index386288.shtml
630,vivo,151,Xplay3S,vivo Xplay3S?X520L/??4G?,/cell_phone/index347795.shtml
631,vivo,4,Xplay5,vivo Xplay5?????,/cell_phone/index1139537.shtml
631,vivo,4,Xplay6,vivo Xplay5????/????,/cell_phone/index389270.shtml
632,vivo,4,Xshot,vivo Xshot?X710F/??4G?,/cell_phone/index401517.shtml
633,vivo,1,Y1,vivo Y1,/cell_phone/index308575.shtml
634,vivo,17,Y11,vivo Y11???3G?,/cell_phone/index354419.shtml
635,vivo,16,Y11IT,vivo Y11it???3G?,/cell_phone/index367325.shtml
636,vivo,7,Y11IW,vivo Y11iw?????,/cell_phone/index385859.shtml
637,vivo,44,Y13,vivo Y13,/cell_phone/index373615.shtml
638,vivo,31,Y13iL,vivo Y13iL???4G?,/cell_phone/index403169.shtml
639,vivo,97,Y13L,vivo Y13L???4G?,/cell_phone/index395294.shtml
640,vivo,8,Y13T,vivo Y13L???4G?,/cell_phone/index395294.shtml
641,vivo,22,Y15,vivo Y15,/cell_phone/index364167.shtml
642,vivo,87,Y17T,vivo Y17T???3G?,/cell_phone/index364707.shtml
643,vivo,20,Y17W,vivo Y17W?????,/cell_phone/index364708.shtml
644,vivo,41,Y18L,vivo Y18L???4G?,/cell_phone/index381376.shtml
645,vivo,16,Y19T,vivo Y19t???3G?,/cell_phone/index354695.shtml
646,vivo,46,Y20T,vivo Y20,/cell_phone/index368986.shtml
647,vivo,6,Y22,vivo Y22???3G?,/cell_phone/index380227.shtml
648,vivo,16,Y22IL,vivo Y22iL???4G?,/cell_phone/index387311.shtml
649,vivo,21,Y22L,vivo Y22L???4G?,/cell_phone/index382468.shtml
650,vivo,170,Y23L,vivo Y23L???4G?,/cell_phone/index393112.shtml
651,vivo,177,Y27,vivo Y27???4G?,/cell_phone/index388318.shtml
652,vivo,41,Y28L,vivo Y28L???4G?,/cell_phone/index393107.shtml
653,vivo,63,Y29L,vivo Y29L???4G?,/cell_phone/index394173.shtml
654,vivo,4,Y31,vivo Y31???4G?,/cell_phone/index1139050.shtml
655,vivo,98,Y33,vivo Y33???4G?,/cell_phone/index403188.shtml
656,vivo,102,Y35,vivo Y35L???4G?,/cell_phone/index1103068.shtml
657,vivo,66,Y37,vivo Y37???4G?,/cell_phone/index1098618.shtml
658,vivo,93,Y51,vivo Y51A????/????,/cell_phone/index1115625.shtml
658,vivo,93,Y51,vivo Y51L????/??4G?,/cell_phone/index1135775.shtml
659,vivo,5,Y613,vivo Y613???3G?,/cell_phone/index385741.shtml
660,vivo,4,Y613F,vivo Y613F???4G?,/cell_phone/index395296.shtml
661,vivo,6,Y622,vivo Y622???3G?,/cell_phone/index387315.shtml
662,vivo,8,Y623,vivo Y623???4G?,/cell_phone/index1136694.shtml
663,vivo,7,Y627,vivo Y627???4G?,/cell_phone/index392355.shtml
665,vivo,31,Y913,vivo Y913???4G?,/cell_phone/index395297.shtml
666,vivo,24,Y923,vivo Y923???4G?,/cell_phone/index401100.shtml
667,vivo,36,Y927,vivo Y927???4G?,/cell_phone/index392353.shtml
668,vivo,23,Y928,vivo Y928???4G?,/cell_phone/index394809.shtml
669,vivo,17,Y937,vivo Y937???4G?,/cell_phone/index405508.shtml
671,ZUK,105,Z1,??ZUK Z1?Z1221/????,/cell_phone/index402557.shtml
672,??,1,K68w,??K68w,/cell_phone/index384350.shtml
673,??,1,K88L,??K88L???4G?,/cell_phone/index389166.shtml
674,???,15,My ???,nubia My ???????/?4G?,/cell_phone/index404546.shtml
674,???,15,My ???,nubia My ???????/????,/cell_phone/index405001.shtml
674,???,15,My ???,nubia My ???????/????,/cell_phone/index1104128.shtml
675,???,1,X6,nubia X6?TD-LTE?/2GB RAM?,/cell_phone/index372113.shtml
675,???,1,X6,nubia X6?TD-LTE?/3GB RAM?,/cell_phone/index375350.shtml
676,???,1,Z5,nubia Z5?NX501/32GB?,/cell_phone/index340338.shtml
676,???,1,Z5,nubia Z5?NX501/16GB?,/cell_phone/index354619.shtml
677,???,6,Z5 Mini,nubia Z5S Mini,/cell_phone/index366053.shtml
677,???,6,Z5 Mini,nubia Z5 Mini?NX402?,/cell_phone/index356039.shtml
678,???,15,Z5S,nubia Z5S?????,/cell_phone/index366047.shtml
679,???,32,Z5S Mini,nubia Z5S Mini,/cell_phone/index366053.shtml
680,???,1,Z7,nubia Z7?NX506J/?4G?,/cell_phone/index344937.shtml
681,???,50,Z7 Max,nubia Z7 Max?NX505J/????,/cell_phone/index384655.shtml
682,???,68,Z7 Mini,nubia Z7 Mini?NX507J/?4G?,/cell_phone/index384508.shtml
683,???,21,Z9,nubia Z9????/????,/cell_phone/index391967.shtml
683,???,21,Z9,nubia Z9????/???? ,/cell_phone/index400713.shtml
683,???,21,Z9,nubia Z9????/??4G?,/cell_phone/index403296.shtml
683,???,21,Z9,nubia Z9????/?4G?,/cell_phone/index1102026.shtml
684,???,80,Z9 Max,nubia Z9 Max?????,/cell_phone/index397419.shtml
684,???,80,Z9 Max,nubia Z9 Max??4G?,/cell_phone/index400724.shtml
684,???,80,Z9 Max,nubia Z9 Max????/????,/cell_phone/index1136819.shtml
684,???,80,Z9 Max,nubia Z9 Max????/??4G?,/cell_phone/index404248.shtml
684,???,80,Z9 Max,nubia Z9 Max???4G?,/cell_phone/index400725.shtml
685,???,126,Z9 mini,nubia Z9 mini?????,/cell_phone/index398619.shtml
685,???,126,Z9 mini,nubia Z9 mini ????/????,/cell_phone/index1116453.shtml
686,???,16,Z9 mini ???,nubia Z9 mini ????/????,/cell_phone/index1102109.shtml
688,??,10,??,????5000?X005/????,/cell_phone/index1138896.shtml
694,??,27,ZenFone 2,??ZenFone 2?ZE551ML/???/?4G?,/cell_phone/index394494.shtml
694,??,27,ZenFone 2,??ZenFone 2?ZE551ML/???/?4G?,/cell_phone/index398313.shtml
694,??,27,ZenFone 2,??ZenFone 2?ZE551ML/???/?4G?,/cell_phone/index398299.shtml
694,??,27,ZenFone 2,??ZenFone 2?ZE551ML/???/?4G?,/cell_phone/index517114.shtml
694,??,27,ZenFone 2,??ZenFone 2?ZE550ML/16GB ROM/?4G?,/cell_phone/index398428.shtml
695,??,5,ZenFone 5,??ZenFone 5?A501CG/1GB RAM/??3G?,/cell_phone/index369057.shtml
695,??,5,ZenFone 5,??ZenFone 5?A500KL/??4G?,/cell_phone/index382587.shtml
695,??,5,ZenFone 5,??ZenFone 5?A500CG/2GB RAM/??3G?,/cell_phone/index376978.shtml
695,??,5,ZenFone 5,??ZenFone 5?A501CG/2GB RAM/??3G?,/cell_phone/index381665.shtml
696,??,8,ZenFone Max,??ZenFone Max????/??4G?,/cell_phone/index1145130.shtml
697,??,1,ZenFone Selfie,??ZenFone Selfie?ZD551KL/?4G?,/cell_phone/index1102112.shtml
698,??,24,A199,??A199?Ascend G710/????,/cell_phone/index347537.shtml
699,??,26,Ascend G6,??Ascend G6?????,/cell_phone/index375836.shtml
699,??,26,Ascend G6,??Ascend G6?????,/cell_phone/index370070.shtml
699,??,26,Ascend G6,??Ascend G6?????,/cell_phone/index375835.shtml
700,??,244,Ascend G7,??Ascend G7?G7-TL00/??4G?,/cell_phone/index386668.shtml
700,??,244,Ascend G7,??Ascend P7?P7-L07/??4G?,/cell_phone/index373530.shtml
700,??,244,Ascend G7,??Ascend G7?G7-UL20/?4G?,/cell_phone/index394047.shtml
700,??,244,Ascend G7,??Ascend G7 Pro?????,/cell_phone/index405750.shtml
701,??,28,Ascend G700,??Ascend G700?????,/cell_phone/index349685.shtml
702,??,9,Ascend G700T,??Ascend G700T?????,/cell_phone/index358004.shtml
703,??,14,Ascend GX1,??Ascend GX1?SC-CL00/??4G?,/cell_phone/index393924.shtml
704,??,2,Ascend P1,??Ascend P1?T9200?,/cell_phone/index326211.shtml
704,??,2,Ascend P1,??Ascend P1?????,/cell_phone/index329770.shtml
705,??,146,Ascend P6,??Ascend P6?P6-U00/8GB/??3G?,/cell_phone/index354519.shtml
705,??,146,Ascend P6,??Ascend P6?P6-C00/16GB/??3G?,/cell_phone/index353957.shtml
705,??,146,Ascend P6,??Ascend P6?8GB/??3G?,/cell_phone/index354498.shtml
706,??,524,Ascend P7,??Ascend P7?P7-L00/??4G?,/cell_phone/index367652.shtml
706,??,524,Ascend P7,??Ascend P7?P7-L07/??4G?,/cell_phone/index373530.shtml
706,??,524,Ascend P7,??Ascend P7?P7-L09/??4G?,/cell_phone/index379635.shtml
706,??,524,Ascend P7,??Ascend P7?????/??4G?,/cell_phone/index388696.shtml
706,??,524,Ascend P7,??Ascend P7?????/??4G?,/cell_phone/index389567.shtml
706,??,524,Ascend P7,??Ascend P7?????/??4G?,/cell_phone/index393591.shtml
707,??,561,,??P8?GRA-UL10/???/?4G?,/cell_phone/index392236.shtml
707,??,561,,??P8?GRA-UL00/???/?4G?,/cell_phone/index399773.shtml
707,??,561,,??P8?GRA-TL00/???/??4G?,/cell_phone/index399779.shtml
707,??,561,,??P8?GRA-CL00/???/??4G?,/cell_phone/index399775.shtml
707,??,561,,??P8?GRA-CL10/???/??4G?,/cell_phone/index399702.shtml
707,??,561,,??P8?GRA-TL10/???/??4G?,/cell_phone/index399776.shtml
708,??,87,B199,??B199,/cell_phone/index369355.shtml
709,??,1,C8812,??C8812,/cell_phone/index319837.shtml
710,??,4,C8813,??C8813?????,/cell_phone/index344018.shtml
711,??,3,C8813DQ,??C8813DQ?????,/cell_phone/index363379.shtml
712,??,11,C8813Q,??C8813Q?????,/cell_phone/index353131.shtml
713,??,19,C8815,??C8815?????,/cell_phone/index359846.shtml
714,??,36,C8816,??C8816?????,/cell_phone/index372759.shtml
715,??,11,C8816D,??C8816D?????,/cell_phone/index374890.shtml
716,??,35,C8817E,??C8817E???4G?,/cell_phone/index390065.shtml
717,??,9,C8817L,??C8817L,/cell_phone/index380405.shtml
718,??,57,C8818,??C8818???4G?,/cell_phone/index401695.shtml
719,??,129,??5,????5?TIT-AL00/????,/cell_phone/index1101647.shtml
719,??,129,??5,????5?TIT-CL10/??4G?,/cell_phone/index1100545.shtml
719,??,129,??5,????5?TIT-TL00/??4G?,/cell_phone/index1101648.shtml
720,??,122,??5S,????5S?TAG-AL00/????,/cell_phone/index1116129.shtml
720,??,122,??5S,????5S?TAG-TL00/??4G?,/cell_phone/index1116826.shtml
720,??,122,??5S,????5S?TAG-CL00/??4G?,/cell_phone/index1116828.shtml
722,??,637,??3C,??3C?1GB RAM/??4G?,/cell_phone/index380884.shtml
722,??,637,??3C,??3C?2GB RAM/??4G?,/cell_phone/index381587.shtml
722,??,637,??3C,??3C?2GB RAM/??4G?,/cell_phone/index381591.shtml
722,??,637,??3C,??3C?H30-C00/1GB RAM/??3G?,/cell_phone/index383801.shtml
722,??,637,??3C,??3C?H30-L02/1GB RAM/??4G?,/cell_phone/index381589.shtml
723,??,95,??3C???,????5C?NEM-AL10/???/????,/cell_phone/index1141204.shtml
723,??,95,??3C???,????5C?NEM-TL00H/??4G?,/cell_phone/index1141899.shtml
723,??,95,??3C???,????5C?NEM-UL10/?4G?,/cell_phone/index1143415.shtml
723,??,95,??3C???,????5C????/????,/cell_phone/index1146514.shtml
724,??,80,??3X,??3X?G750-U00/????,/cell_phone/index366113.shtml
725,??,431,??3X???,??3X???,/cell_phone/index374642.shtml
726,??,210,??4A,??4A?SCL-AL00/????,/cell_phone/index405426.shtml
726,??,210,??4A,??4A?SCL-CL00/??4G?,/cell_phone/index405434.shtml
726,??,210,??4A,??4A?SCL-TL00/??4G?,/cell_phone/index405164.shtml
727,??,1469,??6,??6?H60-L01/??4G?,/cell_phone/index383798.shtml
728,??,1089,??6 Plus,??6 Plus?PE-CL00/???/??4G?,/cell_phone/index393558.shtml
728,??,1089,??6 Plus,??6 Plus?PE-CL00/???/??4G?,/cell_phone/index397609.shtml
728,??,1089,??6 Plus,??6 Plus?PE-TL10/?4G?,/cell_phone/index393738.shtml
728,??,1089,??6 Plus,??6 Plus?PE-TL20/??4G?,/cell_phone/index391705.shtml
728,??,1089,??6 Plus,??6 Plus?PE-UL00/??4G?,/cell_phone/index391706.shtml
729,??,685,??7,??7?PLK-AL10/????,/cell_phone/index402871.shtml
729,??,685,??7,??7?PLK-TL01H/??4G?,/cell_phone/index386205.shtml
729,??,685,??7,??7?PLK-UL00/?4G?,/cell_phone/index402870.shtml
730,??,204,??7i,??7i?ATH-AL00/????,/cell_phone/index511464.shtml
730,??,204,??7i,??7i?ATH-CL00/??4G?,/cell_phone/index1098939.shtml
731,??,255,????4,????4?G621-TL00M/??4G?,/cell_phone/index390211.shtml
732,??,731,????4C,????4C?CHM-CL00/???/??4G?,/cell_phone/index399157.shtml
732,??,731,????4C,????4C?CHM-TL00H/???/??4G?,/cell_phone/index400304.shtml
732,??,731,????4C,????4C?CHM-UL00/???/?4G?,/cell_phone/index400306.shtml
732,??,731,????4C,????4C?CHM-TL00H/???/??4G?,/cell_phone/index1100903.shtml
732,??,731,????4C,????4C?CHM-CL00/???/??4G?,/cell_phone/index1100902.shtml
732,??,731,????4C,????4C?CHM-UL00/???/?4G?,/cell_phone/index1100904.shtml
733,??,103,????4C???,????4C???,/cell_phone/index401879.shtml
734,??,1258,????4X,????4X?CHE-TL00H/???/??4G?,/cell_phone/index393739.shtml
735,??,123,????5,????5?CUN-AL00/????,/cell_phone/index1154014.shtml
736,??,308,????5X,????5X?KIW-AL10/????,/cell_phone/index1102760.shtml
736,??,308,????5X,????5X?KIW-TL00/??4G?,/cell_phone/index392296.shtml
738,??,1,??U8860,??U8860,/cell_phone/index296567.shtml
739,??,1,??V8,??V8?KNT-TL10/??4G?,/cell_phone/index1141198.shtml
740,??,107,??X2,??X2?GEM-703L/???/?4G?,/cell_phone/index397412.shtml
740,??,107,??X2,??X2?GEM-703LT/???/??4G?,/cell_phone/index397331.shtml
740,??,107,??X2,??X2????/?4G?,/cell_phone/index385142.shtml
740,??,107,??X2,??X2????/??4G?,/cell_phone/index405667.shtml
742,??,83,??3,????3S?C199S/??4G?,/cell_phone/index396151.shtml
743,??,33,??3S,????3S?C199S/??4G?,/cell_phone/index396151.shtml
744,??,272,??4,????4?RIO-AL00/???/????,/cell_phone/index404776.shtml
744,??,272,??4,????4?RIO-CL00/???/??4G?,/cell_phone/index493396.shtml
745,??,1,G309T,??G309T?T8830?,/cell_phone/index328948.shtml
746,??,8,G510,??G510?T8951/????,/cell_phone/index342495.shtml
746,??,8,G510,??G510?U8951/????,/cell_phone/index344231.shtml
747,??,3,G520-0000,??G520-0000?????,/cell_phone/index349752.shtml
748,??,9,G520-5000,??G520-5000?????,/cell_phone/index345079.shtml
749,??,3,G520-T10,??G520-T10?????,/cell_phone/index357365.shtml
750,??,4,G521,??G521???4G?,/cell_phone/index384764.shtml
751,??,1,G525,??G525,/cell_phone/index348914.shtml
754,??,2,G606,??G606???3G?,/cell_phone/index354232.shtml
755,??,6,G610C,??G610C?????,/cell_phone/index354356.shtml
756,??,55,G610S,??G610S?????,/cell_phone/index356600.shtml
757,??,71,G610T,??G610T?????,/cell_phone/index356654.shtml
758,??,3,G616-L076,??G616?G616-L076/??4G?,/cell_phone/index391320.shtml
759,??,43,G620-L75,??G620?L75/??4G?,/cell_phone/index377614.shtml
760,??,20,G628,??G628???4G?,/cell_phone/index395008.shtml
761,??,6,G629,??G629??4G?,/cell_phone/index405379.shtml
763,??,18,G660-L075,??G660?G660-L075/??4G?,/cell_phone/index384819.shtml
764,??,41,G7 Plus,??G7 Plus?RIO-UL00/?4G?,/cell_phone/index1099803.shtml
764,??,41,G7 Plus,??G7 Plus?RIO-TL00/??4G?,/cell_phone/index1099814.shtml
765,??,8,G716,??G716???4G?,/cell_phone/index362690.shtml
766,??,8,G730-C00,??G730-C00?????,/cell_phone/index366994.shtml
767,??,8,G730-L075,??G730-L075???4G?,/cell_phone/index385815.shtml
768,??,18,G730-T00,??G730-T00???3G?,/cell_phone/index366992.shtml
769,??,20,G730-U00,??G730-U00?????,/cell_phone/index365404.shtml
770,??,43,G750-T20,??3X Pro?G750-T20/?3G?,/cell_phone/index376125.shtml
771,??,17,HN3-U01,,/cell_phone/index352859.shtml
774,??,14,Mate,??Mate?2GB RAM/????,/cell_phone/index338908.shtml
774,??,14,Mate,??Mate?1GB RAM/????,/cell_phone/index352225.shtml
774,??,14,Mate,??Mate?2GB RAM/????,/cell_phone/index358339.shtml
775,??,70,Mate 2,??Mate 2?MT2-L05/??4G?,/cell_phone/index361185.shtml
775,??,70,Mate 2,??Mate 2?MT2-L02/??4G?,/cell_phone/index369137.shtml
775,??,70,Mate 2,??Mate 2?MT2-C00/????,/cell_phone/index367287.shtml
776,??,1286,Mate 7,??Mate 7?MT7-TL00/???/??4G?,/cell_phone/index386269.shtml
776,??,1286,Mate 7,??Mate 7?MT7-TL10/???/?4G?,/cell_phone/index396130.shtml
776,??,1286,Mate 7,??Mate 7?MT7-CL00/???/??4G?,/cell_phone/index388068.shtml
776,??,1286,Mate 7,??Mate 7?MT7-TL10/???/?4G?,/cell_phone/index388065.shtml
776,??,1286,Mate 7,??Mate 7?MT7-TL00/???/??4G?,/cell_phone/index388059.shtml
776,??,1286,Mate 7,??Mate 7?MT7-CL00/???/??4G?,/cell_phone/index388072.shtml
776,??,1286,Mate 7,??Mate 7????/?4G?,/cell_phone/index393588.shtml
776,??,1286,Mate 7,??Mate 7????/??4G?,/cell_phone/index393587.shtml
776,??,1286,Mate 7,??Mate 7?MT7-UL00/???/??4G?,/cell_phone/index388063.shtml
776,??,1286,Mate 7,??Mate 7????GX1s/?4G?,/cell_phone/index395902.shtml
777,??,37,Mate 7 ???,??Mate 7????GX1s/?4G?,/cell_phone/index395902.shtml
778,??,308,Mate 8,??Mate 8?NXT-AL10/3GB RAM/????,/cell_phone/index1102139.shtml
778,??,308,Mate 8,??Mate 8?NXT-AL10/4GB RAM/????,/cell_phone/index1109555.shtml
778,??,308,Mate 8,??Mate 8?NXT-TL00/??4G?,/cell_phone/index1116312.shtml
778,??,308,Mate 8,??Mate 8?NXT-CL00/??4G?,/cell_phone/index1109558.shtml
778,??,308,Mate 8,??Mate 8?NXT-DL00/??4G?,/cell_phone/index1116313.shtml
778,??,308,Mate 8,??Mate 8??????/?4G?,/cell_phone/index1147454.shtml
779,??,86,Mate S,??Mate S?CRR-UL00/???/?4G?,/cell_phone/index405659.shtml
779,??,86,Mate S,??Mate S?CRR-CL00/???/??4G?,/cell_phone/index392294.shtml
779,??,86,Mate S,??Mate S????/??4G?,/cell_phone/index1135842.shtml
779,??,86,Mate S,??Mate S?CRR-UL20/???/?4G?,/cell_phone/index1100176.shtml
779,??,86,Mate S,??Mate S?CRR-TL00/???/??4G?,/cell_phone/index1110169.shtml
780,??,2,MediaPad 10 Link,??MediaPad 10 Link,/tablepc/index345789.shtml
785,??,24,MT1-06,,/cell_phone/index354493.shtml
786,??,22,MT2-C00,??Mate 2?MT2-C00/????,/cell_phone/index367287.shtml
787,??,3,Nexus 6P,??Nexus 6P??4G?,/cell_phone/index400843.shtml
788,??,283,P8 Lite,??P8 Lite?ALE-TL00/???/??4G?,/cell_phone/index398699.shtml
788,??,283,P8 Lite,??P8 Lite?ALE-UL00/???/?4G?,/cell_phone/index400641.shtml
788,??,283,P8 Lite,??P8 Lite?ALE-CL00/???/??4G?,/cell_phone/index400646.shtml
789,??,78,P8max,??P8max?DAV-703L/?4G?,/cell_phone/index397542.shtml
790,??,3,P9,??P9?EVA-AL00/???/????,/cell_phone/index404275.shtml
790,??,3,P9,??P9?EVA-AL10/???/????,/cell_phone/index1137872.shtml
790,??,3,P9,??P9?EVA-DL00/???/??4G?,/cell_phone/index1141879.shtml
790,??,3,P9,??P9?EVA-TL00/???/??4G?,/cell_phone/index1141878.shtml
790,??,3,P9,??P9?EVA-CL00/???/??4G?,/cell_phone/index1141880.shtml
791,??,1,P9 Plus,??P9 Plus?VIE-AL10/???/????,/cell_phone/index1141875.shtml
791,??,1,P9 Plus,??P9 Plus?VIE-AL10/???/????,/cell_phone/index1142607.shtml
795,??,1,T8620,??T8620,/cell_phone/index336555.shtml
796,??,28,U9508,U9508,/cell_phone/index333321.shtml
798,??,1,Y220T,??Y220T?????,/cell_phone/index343163.shtml
799,??,4,Y300,??Y300,/cell_phone/index365686.shtml
799,??,4,Y300,??Y300?U8833/????,/cell_phone/index338473.shtml
799,??,4,Y300,??Y300?T8833/????,/cell_phone/index342086.shtml
800,??,1,Y320T,??Y320T???3G?,/cell_phone/index352234.shtml
801,??,2,Y321C,??Y321C?????,/cell_phone/index363916.shtml
802,??,1,Y325,??Y325???3G?,/cell_phone/index367981.shtml
804,??,1,Y500,??Y500,/cell_phone/index346407.shtml
805,??,22,Y511-T00,,/cell_phone/index359547.shtml
811,??,10,Y560-CL00,??Y560-CL00???4G?,/cell_phone/index1100352.shtml
813,??,1,Y610-U00,??Y610-U00???3G?,/cell_phone/index385863.shtml
815,??,21,Y635,??Y635-CL00???4G?,/cell_phone/index394451.shtml
816,??,13,Y635-TL00,??Y635-TL00???4G?,/cell_phone/index398356.shtml
817,??,1,Yuandian II,??Yuandian II???4G?,/cell_phone/index400408.shtml
817,??,1,Yuandian II,??Yuandian II???4G?,/cell_phone/index399432.shtml
828,??,3,N828,??N828??V????,/cell_phone/index349286.shtml
829,?Q,3,????,?Q ???????3G?,/cell_phone/index397917.shtml
836,??,1,t789,??T789?????,/cell_phone/index354748.shtml
838,??,11,Touch 2,??Touch 2w,/cell_phone/index374663.shtml
840,??,24,Touch 3,??Touch 3???4G?,/cell_phone/index371791.shtml
842,??,2,Touch V,??V5????Touch?,/cell_phone/index344860.shtml
843,??,1,V9,??V9????2????,/cell_phone/index336447.shtml
846,??,170,???,???????4G?,/cell_phone/index1099387.shtml
846,??,170,???,??????8681-M02/2GB RAM/????,/cell_phone/index1099381.shtml
846,??,170,???,??????8681-A01/3GB RAM/????,/cell_phone/index1099391.shtml
846,??,170,???,????????4G?,/cell_phone/index1145887.shtml
848,??,51,???,??????32GB/????,/cell_phone/index1099380.shtml
848,??,51,???,??????16GB/?4G?,/cell_phone/index1099386.shtml
849,???,1,i6L,???i6L???4G?,/cell_phone/index394995.shtml
850,???,5,M2,???M2??4G?,/cell_phone/index389259.shtml
851,???,1,M210,???M210,/cell_phone/index387030.shtml
852,???,4,M310,???M310,/cell_phone/index387029.shtml
853,???,1,M512,???M512,/cell_phone/index386965.shtml
856,??,322,??,?????4G??,/cell_phone/index385001.shtml
856,??,322,??,????????/?4G?,/cell_phone/index391936.shtml
856,??,322,??,????????/4GB?,/cell_phone/index359997.shtml
856,??,322,??,????????/4GB?,/cell_phone/index347880.shtml
857,??,640,??1S,????1S????/8GB?,/cell_phone/index366544.shtml
857,??,640,??1S,????1S???4G?,/cell_phone/index386272.shtml
857,??,640,??1S,????1S?8GB/??3G?,/cell_phone/index366018.shtml
857,??,640,??1S,????1S????/8GB?,/cell_phone/index379488.shtml
858,??,833,??2,????2???4G?,/cell_phone/index369179.shtml
858,??,833,??2,????2????/??4G?,/cell_phone/index396023.shtml
858,??,833,??2,????2???4G?,/cell_phone/index394379.shtml
858,??,833,??2,????2???4G?,/cell_phone/index394376.shtml
858,??,833,??2,????2????/??4G?,/cell_phone/index405280.shtml
858,??,833,??2,????2????/??4G?,/cell_phone/index405279.shtml
859,??,724,??2A,????2A????/??4G?,/cell_phone/index1099877.shtml
859,??,724,??2A,????2A????/??4G?,/cell_phone/index1137676.shtml
859,??,724,??2A,????2A???4G?,/cell_phone/index359611.shtml
860,??,82,??3,????3????/????,/cell_phone/index398545.shtml
860,??,82,??3,????3???4G?,/cell_phone/index1142036.shtml
860,??,82,??3,????3????/????,/cell_phone/index1136430.shtml
861,??,2443,??note,????Note???/???/??4G/1GB RAM?,/cell_phone/index395817.shtml
861,??,2443,??note,????Note????/??3G/1GB RAM?,/cell_phone/index374322.shtml
861,??,2443,??note,????Note???/???/??4G/1GB RAM?,/cell_phone/index397511.shtml
861,??,2443,??note,????Note???/???/??4G/1GB RAM?,/cell_phone/index397512.shtml
861,??,2443,??note,????Note????/1GB RAM?,/cell_phone/index380486.shtml
862,??,1136,??Note2,????Note2???4G?,/cell_phone/index390237.shtml
862,??,1136,??Note2,????Note2????/?4G?,/cell_phone/index996943.shtml
862,??,1136,??Note2,????Note2????/?4G?,/cell_phone/index969460.shtml
863,??,518,??Note3,????Note3????/????,/cell_phone/index1137560.shtml
863,??,518,??Note3,????Note3????/?4G?,/cell_phone/index403798.shtml
863,??,518,??Note3,????Note3????/?4G?,/cell_phone/index1116001.shtml
863,??,518,??Note3,????Note3????/????,/cell_phone/index1136407.shtml
864,??,413,??note???,????Note???/???/??4G/2GB RAM?,/cell_phone/index397514.shtml
864,??,413,??note???,????Note???/???/??4G/2GB RAM?,/cell_phone/index385002.shtml
864,??,413,??note???,????Note???/???/??4G/2GB RAM?,/cell_phone/index392149.shtml
864,??,413,??note???,????Note????/??3G/2GB RAM?,/cell_phone/index374237.shtml
864,??,413,??note???,????Note???/???/??4G/2GB RAM?,/cell_phone/index385956.shtml
864,??,413,??note???,????Note????/??3G/2GB RAM?,/cell_phone/index381392.shtml
864,??,413,??note???,????Note???/???/??4G/2GB RAM?,/cell_phone/index397513.shtml
865,??,59,MI 1S,??1S?????,/cell_phone/index338339.shtml
865,??,59,MI 1S,??Mione 1S?M1S????,/cell_phone/index333289.shtml
865,??,59,MI 1S,??1S????/????,/cell_phone/index346127.shtml
865,??,59,MI 1S,??Mione 1S?M1S????,/cell_phone/index333290.shtml
866,??,230,MI 2,??M2?Mi2/16GB?,/cell_phone/index300503.shtml
866,??,230,MI 2,??M2?Mi2/32GB?,/cell_phone/index335468.shtml
866,??,230,MI 2,??M2?Mi2/????,/cell_phone/index333287.shtml
867,??,151,MI 2A,??2A???4G?,/cell_phone/index347009.shtml
867,??,151,MI 2A,??2A?????,/cell_phone/index351461.shtml
868,??,23,MI 2C,??M2?Mi2/????,/cell_phone/index333286.shtml
869,??,995,M1 2S,??2S?32GB?,/cell_phone/index350900.shtml
869,??,995,M1 2S,??2S?16GB?,/cell_phone/index347225.shtml
869,??,995,M1 2S,??2S?????,/cell_phone/index351343.shtml
869,??,995,M1 2S,??2S?????,/cell_phone/index351459.shtml
869,??,995,M1 2S,??2S???????,/cell_phone/index385417.shtml
870,??,1372,MI 3,??3?Mi3/??3G?,/cell_phone/index361564.shtml
870,??,1372,MI 3,??3?Mi3/????,/cell_phone/index342896.shtml
870,??,1372,MI 3,??3?Mi3/????,/cell_phone/index361563.shtml
871,??,2232,MI 10,??4???3G?,/cell_phone/index385315.shtml
871,??,2232,MI 11,??4?3GB RAM/??4G?,/cell_phone/index396860.shtml
871,??,2232,MI 12,??4???3G?,/cell_phone/index385313.shtml
871,??,2232,MI 4,??4?3GB RAM/??4G?,/cell_phone/index367969.shtml
871,??,2232,MI 5,??4?2GB RAM/??4G?,/cell_phone/index399201.shtml
871,??,2232,MI 6,??4?3GB RAM/??4G?,/cell_phone/index391929.shtml
871,??,2232,MI 7,??4????/??4G?,/cell_phone/index391420.shtml
871,??,2232,MI 8,??4?2GB RAM/??4G?,/cell_phone/index389398.shtml
871,??,2232,MI 9,??4?2GB RAM/??4G?,/cell_phone/index399202.shtml
872,??,10,MI 4S,??4S????/????,/cell_phone/index393893.shtml
872,??,10,MI 4S,??4S????/????,/cell_phone/index1142162.shtml
873,??,35,MI 5,??5????/????,/cell_phone/index386188.shtml
873,??,35,MI 5,??5????/????,/cell_phone/index1138159.shtml
873,??,35,MI 5,??5????/???/????,/cell_phone/index1139151.shtml
873,??,35,MI 5,??5????/3D???/????,/cell_phone/index1143323.shtml
874,??,4,MI One C1,??MI-ONE C1?M1????,/cell_phone/index305629.shtml
875,??,21,MI One Plus,??MI-ONE Plus?M1????,/cell_phone/index305630.shtml
878,??,303,note???,??Note????/?4G?,/cell_phone/index395192.shtml
878,??,303,note???,??Note????/????,/cell_phone/index403558.shtml
878,??,303,note???,??Note????/??4G?,/cell_phone/index1142518.shtml
879,??,523,??4C,??4C????/????,/cell_phone/index399550.shtml
879,??,523,??4C,??4C????/????,/cell_phone/index1100975.shtml
879,??,523,??4C,??4C????/??4G?,/cell_phone/index1142038.shtml
880,??,818,??note,??Note??4G?,/cell_phone/index395186.shtml
880,??,818,??note,??Note????/?4G?,/cell_phone/index395192.shtml
880,??,818,??note,??Note?????,/cell_phone/index395208.shtml
880,??,818,??note,??Note????/????,/cell_phone/index403558.shtml
880,??,818,??note,??Note????/??4G?,/cell_phone/index1142518.shtml
880,??,818,??note,??Note????/?4G?,/cell_phone/index398877.shtml
880,??,818,??note,??Note????/????,/cell_phone/index1099221.shtml
880,??,818,??note,??Note????/?4G?,/cell_phone/index398114.shtml
882,???,12,????,,/cell_phone/index375131.shtml
883,???,4,???????,,/cell_phone/index385827.shtml
884,???,1,????,,/cell_phone/index393318.shtml
885,???,1,????,,/cell_phone/index387611.shtml
890,??,2,R1,??R1???4G?,/cell_phone/index1117289.shtml
891,??,1,R2,??R2???4G?,/cell_phone/index1137307.shtml
892,??,2,V981,??V981???/16GB?,/cell_phone/index354324.shtml
894,??,1,?? X5,????X5???4G?,/cell_phone/index394667.shtml
902,????,18,Moto X,,/cell_phone/index343766.shtml
912,??,2,V919,??V919 Air ????????,/tablepc/index1102083.shtml
917,??,3,D330,?????D330,/cell_phone/index382220.shtml
919,??,2,D800,??D800,/cell_phone/index366506.shtml
920,??,4,iSuper S1,??iSuper S1,/cell_phone/index366510.shtml
921,??,2,iSuper S2,??iSuper S2?????,/cell_phone/index366511.shtml
921,??,2,iSuper S2,??iSuper S2?????,/cell_phone/index366540.shtml
922,??,3,L1,????L1???4G?,/cell_phone/index391143.shtml
923,??,5,L1 mini,????L1 mini???4G?,/cell_phone/index391175.shtml
924,??,2,L5 mini,??L5 mini???4G?,/cell_phone/index1103031.shtml
925,??,2,L5 Plus,??L5 Plus??4G?,/cell_phone/index516064.shtml
926,??,2,L5Pro,??L5 Pro??4G?,/cell_phone/index1101966.shtml
927,??,2,S2L,??S2L,/cell_phone/index383682.shtml
929,??,3,S3,??iSuper S3???4G?,/cell_phone/index388369.shtml
930,??,1,T20,??T20???4G?,/cell_phone/index392013.shtml
932,??,1,T21,??T21 ???4G?,/cell_phone/index404707.shtml
933,??,3,T35,??T35,/cell_phone/index385867.shtml
934,??,2,T60,??T60,/cell_phone/index383683.shtml
935,??,1,T90,??T90,/cell_phone/index382226.shtml
936,??,7,??L3,????L3??4G?,/cell_phone/index400110.shtml
937,??,3,??L3C,????L3C???4G?,/cell_phone/index400111.shtml
968,??,6,E70-T,??E7?E70T/??4G?,/cell_phone/index1138766.shtml
970,??,3,EG970,??EG970?????,/cell_phone/index356017.shtml
974,??,1,??II,????II????/????,/cell_phone/index1139597.shtml
974,??,1,??II,????II????/????,/cell_phone/index1139571.shtml
977,??,3,I630T,??I630T???4G?,/cell_phone/index384091.shtml
978,??,3,I635T,??I635T???4G?,/cell_phone/index402523.shtml
981,??,3,M20-M,??M20-M???4G?,/cell_phone/index1145619.shtml
990,??,3,X68T,??X68T???4G?,/cell_phone/index386297.shtml
993,??,129,One,????1???4G?,/cell_phone/index373908.shtml
993,??,129,One,????1???4G?,/cell_phone/index378441.shtml
993,??,129,One,????1?JBL???/??4G?,/cell_phone/index390254.shtml
993,??,129,One,????1??????/??4G?,/cell_phone/index393095.shtml
994,??,38,Two,????2?4GB RAM/?4G?,/cell_phone/index390823.shtml
994,??,38,Two,????2?3GB RAM/?4G?,/cell_phone/index405911.shtml
995,??,19,X,????X????/?4G?,/cell_phone/index1101503.shtml
995,??,19,X,????X?????,/cell_phone/index1102922.shtml
995,??,19,X,????X????/?4G?,/cell_phone/index1102913.shtml
995,??,19,X,????X????/?4G?,/cell_phone/index1102921.shtml
996,??,22,2016? Galaxy A5,??2016?GALAXY A5?A5100/????,/cell_phone/index1100948.shtml
996,??,22,2016? Galaxy A5,??2016?GALAXY A5?A5108/??4G?,/cell_phone/index1139363.shtml
997,??,38,2016? Galaxy A7,??2016?GALAXY A7?A7100/????,/cell_phone/index1100947.shtml
997,??,38,2016? Galaxy A7,??2016?GALAXY A7?A7108/??4G?,/cell_phone/index1139368.shtml
998,??,50,2016? Galaxy A9,??2016?GALAXY A9?A9000/????,/cell_phone/index397666.shtml
999,??,1,2016? Galaxy J7,??2016?GALAXY J7?J7108/?4G?,/cell_phone/index1137928.shtml
999,??,1,2016? Galaxy J7,??2016?GALAXY J7?J7109/??4G?,/cell_phone/index1140366.shtml
1000,??,6,B9388,??B9388???3G?,/cell_phone/index344043.shtml
1002,??,10,G3588V,??G3588V???4G?,/cell_phone/index382489.shtml
1003,??,10,G3609,??GALAXY CORE Prime?G3609/??4G?,/cell_phone/index389875.shtml
1004,??,34,G3818,??G3818,/cell_phone/index370329.shtml
1006,??,70,,??GALAXY Grand Max?G720NO/??4G?,/cell_phone/index394271.shtml
1007,??,25,Galaxy A3,??GALAXY A3?A3000/?4G?,/cell_phone/index387046.shtml
1007,??,25,Galaxy A3,??GALAXY A3?A3009/??4G?,/cell_phone/index394842.shtml
1008,??,236,Galaxy A5,??GALAXY A5?A5000/?4G?,/cell_phone/index387047.shtml
1008,??,236,Galaxy A5,??GALAXY A5?A5009/??4G?,/cell_phone/index387834.shtml
1009,??,298,Galaxy A7,??GALAXY A7?A7000/?4G?,/cell_phone/index387048.shtml
1009,??,298,Galaxy A7,??GALAXY A7?A7009/??4G?,/cell_phone/index389454.shtml
1010,??,155,Galaxy A8,??GALAXY A8?A8000/????,/cell_phone/index397665.shtml
1011,??,2,Galaxy Ace,??Galaxy Ace?S5830?,/cell_phone/index269739.shtml
1011,??,2,Galaxy Ace,??GALAXY Ace?S5838?,/cell_phone/index293463.shtml
1012,??,2,Galaxy Ace 2,??I8160?GALAXY Ace 2?,/cell_phone/index312831.shtml
1013,??,11,Galaxy Ace 3,??GALAXY ACE 3?I679/??3G?,/cell_phone/index373266.shtml
1013,??,11,Galaxy Ace 3,??GALAXY Ace 3?S7272C?,/cell_phone/index351081.shtml
1013,??,11,Galaxy Ace 3,??GALAXY Ace 3?S7278/????,/cell_phone/index367762.shtml
1013,??,11,Galaxy Ace 3,??GALAXY Ace 3?S7278U/????,/cell_phone/index367764.shtml
1013,??,11,Galaxy Ace 3,??GALAXY Ace 3?S7270?,/cell_phone/index355903.shtml
1014,??,2,Galaxy Ace 4,??GALAXY Ace 4?4G??,/cell_phone/index384151.shtml
1014,??,2,Galaxy Ace 4,??GALAXY Ace 4?G3139D/??3G?,/cell_phone/index384150.shtml
1015,??,6,Galaxy Alpha,??GALAXY Alpha?G850?,/cell_phone/index385347.shtml
1015,??,6,Galaxy Alpha,??GALAXY Alpha?G8509V/????,/cell_phone/index386445.shtml
1015,??,6,Galaxy Alpha,??GALAXY Alpha?G8508S/?4G?,/cell_phone/index386446.shtml
1016,??,1,Galaxy Core,??GALAXY Core?I8262/????,/cell_phone/index353342.shtml
1017,??,5,Galaxy Core 2,??GALAXY Core 2?G3559/????,/cell_phone/index378521.shtml
1017,??,5,Galaxy Core 2,??GALAXY Core 2?G3556D?,/cell_phone/index383629.shtml
1017,??,5,Galaxy Core 2,??GALAXY Core 2?G3558/??3G?,/cell_phone/index385352.shtml
1018,??,11,Galaxy Core 4G,??G3518?GALAXY Core 4G?,/cell_phone/index368125.shtml
1019,??,7,Galaxy Core Lite,??GALAXY Core Lite?G3589W/??4G?,/cell_phone/index386633.shtml
1019,??,7,Galaxy Core Lite,??GALAXY Core Lite?G3586V/??4G?,/cell_phone/index382378.shtml
1020,??,57,Galaxy Core Max,??GALAXY Core Max?G5109/??4G?,/cell_phone/index394051.shtml
1020,??,57,Galaxy Core Max,??GALAXY Core Max?G5108Q/?4G?,/cell_phone/index389064.shtml
1020,??,57,Galaxy Core Max,??GALAXY Core Max?G5108/??4G?,/cell_phone/index392512.shtml
1021,??,9,Galaxy Core Mini,??GALAXY Core Mini 4G?G3568V/??4G?,/cell_phone/index383994.shtml
1023,??,12,Galaxy Core Prime,??GALAXY CORE Prime?G3608/??4G?,/cell_phone/index389873.shtml
1023,??,12,Galaxy Core Prime,??GALAXY CORE Prime?G3609/??4G?,/cell_phone/index389875.shtml
1023,??,12,Galaxy Core Prime,??GALAXY CORE Prime?G3606/??4G?,/cell_phone/index389871.shtml
1024,??,45,Galaxy E7,??GALAXY E7?E7009/??4G?,/cell_phone/index394096.shtml
1024,??,45,Galaxy E7,??GALAXY E7?E7000/?4G?,/cell_phone/index392912.shtml
1025,??,1,Galaxy Fame,??S6818?GALAXY Fame/??3G?,/cell_phone/index357812.shtml
1025,??,1,Galaxy Fame,??S6812C?GALAXY Fame/????,/cell_phone/index346393.shtml
1025,??,1,Galaxy Fame,??S6812i?GALAXY Fame/????,/cell_phone/index352229.shtml
1025,??,1,Galaxy Fame,??S6818V?GALAXY Fame/????,/cell_phone/index357814.shtml
1026,??,1,Galaxy Gio,??Galaxy Gio?S5660?,/cell_phone/index271438.shtml
1026,??,1,Galaxy Gio,??Galaxy Gio?I569/????,/cell_phone/index278013.shtml
1027,??,2,Galaxy Golden,??GALAXY Golden?E400/??3G?,/cell_phone/index360491.shtml
1028,??,34,Galaxy Grand,??GALAXY Grand?I879/????,/cell_phone/index347808.shtml
1028,??,34,Galaxy Grand,??GALAXY Grand?I9128/????,/cell_phone/index346394.shtml
1028,??,34,Galaxy Grand,??GALAXY Grand?I9128V?,/cell_phone/index346395.shtml
1028,??,34,Galaxy Grand,??GALAXY Grand?I9128E/????,/cell_phone/index362202.shtml
1028,??,34,Galaxy Grand,??GALAXY Grand?I9128i/????,/cell_phone/index362643.shtml
1029,??,264,Galaxy Grand 2,??GALAXY Grand 2?G7108V/??4G?,/cell_phone/index375412.shtml
1029,??,264,Galaxy Grand 2,??GALAXY Grand 2?G7109/????,/cell_phone/index366545.shtml
1029,??,264,Galaxy Grand 2,??GALAXY Grand 2?G7108/????,/cell_phone/index368043.shtml
1031,??,56,Galaxy Grand DUOS,??GALAXY Grand DUOS?I9082/????,/cell_phone/index341565.shtml
1032,??,27,Galaxy Grand Neo Plus,??GALAXY Grand Neo+?I9082C/????,/cell_phone/index375422.shtml
1032,??,27,Galaxy Grand Neo Plus,??GALAXY Grand Neo Plus?I9060/??3G?,/cell_phone/index366988.shtml
1032,??,27,Galaxy Grand Neo Plus,??GALAXY Grand Neo+?I9168i/?3G?,/cell_phone/index373957.shtml
1032,??,27,Galaxy Grand Neo Plus,??GALAXY Grand Neo+?I9168/??3G?,/cell_phone/index375414.shtml
1033,??,136,Galaxy Grand Prime,??GALAXY Grand Prime?G5309W/??4G?,/cell_phone/index389223.shtml
1033,??,136,Galaxy Grand Prime,??GALAXY Grand Prime?G5306W/??4G?,/cell_phone/index387415.shtml
1034,??,2,Galaxy Infinite,??I759?GALAXY Infinite/????,/cell_phone/index350088.shtml
1035,??,8,Galaxy J,??GALAXY J?N075T?,/cell_phone/index363318.shtml
1036,??,24,Galaxy J3,??GALAXY J3?J3109/??4G?,/cell_phone/index396031.shtml
1037,??,77,Galaxy J5,??GALAXY J5?J5008/??4G?,/cell_phone/index396033.shtml
1038,??,87,Galaxy J7,??GALAXY J7?J7008/??4G?,/cell_phone/index396034.shtml
1039,??,10,Galaxy K Zoom,??GALAXY K Zoom?C1158/??4G?,/cell_phone/index381220.shtml
1039,??,10,Galaxy K Zoom,??GALAXY K Zoom?C1116/??3G?,/cell_phone/index369691.shtml
1040,??,69,Galaxy Mega 2,??GALAXY Mega 2?G7508Q/?4G?,/cell_phone/index384152.shtml
1040,??,69,Galaxy Mega 2,??Galaxy Mega 2?G7509/??4G?,/cell_phone/index394040.shtml
1041,??,124,Galaxy Mega 5.8,??GALAXY Mega 5.8?I9152/????,/cell_phone/index345324.shtml
1041,??,124,Galaxy Mega 5.8,??GALAXY Mega 5.8?I9158/??3G?,/cell_phone/index356189.shtml
1041,??,124,Galaxy Mega 5.8,??GALAXY Mega 5.8?P709/????,/cell_phone/index356632.shtml
1041,??,124,Galaxy Mega 5.8,??GALAXY Mega 5.8?I9150?,/cell_phone/index346108.shtml
1042,??,41,Galaxy Mega 6.3,??GALAXY Mega 6.3?I9200/16GB?,/cell_phone/index346109.shtml
1042,??,41,Galaxy Mega 6.3,??GALAXY Mega 6.3?I9200/8GB?,/cell_phone/index351754.shtml
1042,??,41,Galaxy Mega 6.3,??GALAXY Mega 6.3?P729/16GB/????,/cell_phone/index356627.shtml
1042,??,41,Galaxy Mega 6.3,??GALAXY Mega 6.3?I9200/16GB/????,/cell_phone/index367708.shtml
1043,??,65,Galaxy Mega Plus,??GALAXY Mega Plus?I9158V/??4G?,/cell_phone/index386007.shtml
1043,??,65,Galaxy Mega Plus,??GALAXY Mega Plus?I9152P/????,/cell_phone/index370957.shtml
1043,??,65,Galaxy Mega Plus,??GALAXY Mega Plus?P709E/????,/cell_phone/index375420.shtml
1044,??,1,Galaxy Mini,??Galaxy Mini?S5570?,/cell_phone/index270057.shtml
1044,??,1,Galaxy Mini,??Galaxy Mini?I559?,/cell_phone/index271791.shtml
1044,??,1,Galaxy Mini,??Galaxy Mini?S5578?,/cell_phone/index293470.shtml
1045,??,14,Galaxy Nexus,??Galaxy Nexus?I9250?,/cell_phone/index302162.shtml
1045,??,14,Galaxy Nexus,??Galaxy Nexus?I9250/32GB?,/cell_phone/index309499.shtml
1045,??,14,Galaxy Nexus,??Galaxy Nexus?I9250/????,/cell_phone/index295232.shtml
1045,??,14,Galaxy Nexus,??Galaxy Nexus?I9250/LTE??,/cell_phone/index302184.shtml
1045,??,14,Galaxy Nexus,??I515 Galaxy Nexus?C??,/cell_phone/index304392.shtml
1046,??,40,Galaxy Note,??GALAXY Note?I9220/???,/cell_phone/index308305.shtml
1046,??,40,Galaxy Note,??GALAXY NOTE?I9220/????,/cell_phone/index297303.shtml
1046,??,40,Galaxy Note,??Galaxy Note?I889/????,/cell_phone/index309025.shtml
1046,??,40,Galaxy Note,??GALAXY Note?I717?,/cell_phone/index308178.shtml
1047,??,4,Galaxy Note 10.1,??N8000?GALAXY Note 10.1?,/cell_phone/index312307.shtml
1050,??,822,,??GALAXY Note II?N7100/32GB?,/cell_phone/index334365.shtml
1050,??,822,,??GALAXY Note II?N719/16GB/????,/cell_phone/index334986.shtml
1050,??,822,,??GALAXY Note II?N7105/LTE??,/cell_phone/index339691.shtml
1050,??,822,,??GALAXY Note II?N7108D/??TD-LTE??,/cell_phone/index356974.shtml
1051,??,1530,Galaxy Note 3,??GALAXY Note 3?N9006/??3G?,/cell_phone/index337342.shtml
1051,??,1530,Galaxy Note 3,??GALAXY Note 3?N9008V/??4G?,/cell_phone/index365100.shtml
1051,??,1530,Galaxy Note 3,??GALAXY Note 3?N9002/??3G?,/cell_phone/index361182.shtml
1051,??,1530,Galaxy Note 3,??GALAXY Note 3?N9009/??3G?,/cell_phone/index362031.shtml
1051,??,1530,Galaxy Note 3,??GALAXY Note 3?N9008S/??4G?,/cell_phone/index373201.shtml
1051,??,1530,Galaxy Note 3,??GALAXY Note 3?N9008/??3G?,/cell_phone/index362030.shtml
1051,??,1530,Galaxy Note 3,??GALAXY Note 3?N900/???/??3G?,/cell_phone/index363640.shtml
1051,??,1530,Galaxy Note 3,??GALAXY Note 3?N9005/???/??3G?,/cell_phone/index361181.shtml
1052,??,87,Galaxy Note 3 Lite,??GALAXY Note 3 Lite?N7506V/??4G?,/cell_phone/index373550.shtml
1052,??,87,Galaxy Note 3 Lite,??GALAXY Note 3 Lite?N7508V/??4G?,/cell_phone/index373668.shtml
1052,??,87,Galaxy Note 3 Lite,??GALAXY Note 3 Lite?N750/3G??,/cell_phone/index369387.shtml
1052,??,87,Galaxy Note 3 Lite,??GALAXY Note 3 Lite?N7509V/??4G?,/cell_phone/index385350.shtml
1053,??,350,Galaxy Note 4,??GALAXY Note 4?N9100/???/?4G?,/cell_phone/index367005.shtml
1053,??,350,Galaxy Note 4,??GALAXY Note 4?N9109W/??4G?,/cell_phone/index387808.shtml
1053,??,350,Galaxy Note 4,??GALAXY Note 4?N9108V/??4G?,/cell_phone/index387806.shtml
1053,??,350,Galaxy Note 4,??GALAXY Note 4?N9106W/??4G?,/cell_phone/index388980.shtml
1054,??,78,Galaxy Note 5,??GALAXY Note 5?N9200/????,/cell_phone/index391739.shtml
1055,??,22,Galaxy Note 8.0,??N5100?GALAXY Note 8.0/3G+WiFi/????,/cell_phone/index348207.shtml
1056,??,40,Galaxy Note Edge,??GALAXY Note 6 Edge???4G?,/cell_phone/index1143407.shtml
1056,??,40,Galaxy Note Edge,??GALAXY Note 7 edge???4G?,/cell_phone/index1149028.shtml
1057,??,34,Galaxy On5,??GALAXY On5?G5500/?4G?,/cell_phone/index1098694.shtml
1058,??,35,Galaxy On7,??GALAXY On7?G6000/1.5GB RAM/????,/cell_phone/index1098696.shtml
1058,??,35,Galaxy On7,??GALAXY On7?G6000/2GB RAM/????,/cell_phone/index1102307.shtml
1059,??,22,Galaxy Premier,??GALAXY Premier?I9268/4GB/????,/cell_phone/index339492.shtml
1059,??,22,Galaxy Premier,??GALAXY Premier?I9260/16GB?,/cell_phone/index333615.shtml
1060,??,3,Galaxy S Advance,??I9070?Galaxy S Advance/8GB?,/cell_phone/index309022.shtml
1060,??,3,Galaxy S Advance,??I9070?Galaxy S Advance/16GB?,/cell_phone/index310509.shtml
1061,??,58,Galaxy S2,??GALAXY SII?I9100G/16GB?,/cell_phone/index293478.shtml
1061,??,58,Galaxy S2,??GALAXY SII?I9100/32GB?,/cell_phone/index261311.shtml
1061,??,58,Galaxy S2,??GALAXY SII?I9108/16GB/????,/cell_phone/index294569.shtml
1061,??,58,Galaxy S2,??GALAXY SII?I9100/16GB/???,/cell_phone/index293993.shtml
1061,??,58,Galaxy S2,??GALAXY SII?I9100/???/16GB?,/cell_phone/index295472.shtml
1063,??,12,Galaxy S2 HD LTE E120S,??E120L?GALAXY SII HD LTE?,/cell_phone/index300008.shtml
1064,??,7,Galaxy S2 Plus,??I9105P?GALAXY SII Plus?,/cell_phone/index290416.shtml
1065,??,286,,??GALAXY SIII?I9300/32GB/????,/cell_phone/index323483.shtml
1065,??,286,,??GALAXY SIII?I9308/16GB/????,/cell_phone/index323789.shtml
1065,??,286,,??GALAXY SIII?I9300/16GB/????,/cell_phone/index323489.shtml
1065,??,286,,??GALAXY SIII?I939D/16GB/??/????,/cell_phone/index341265.shtml
1065,??,286,,??GALAXY SIII?I939/16GB/????,/cell_phone/index323790.shtml
1065,??,286,,??GALAXY SIII?I9305/16GB/LTE??,/cell_phone/index337400.shtml
1065,??,286,,??GALAXY SIII?I535/16GB?,/cell_phone/index323299.shtml
1065,??,286,,??GALAXY SIII?E210S?,/cell_phone/index324948.shtml
1065,??,286,,??GALAXY SIII?I747?,/cell_phone/index324946.shtml
1065,??,286,,??GALAXY SIII???TD-LTE??,/cell_phone/index347365.shtml
1067,??,46,Galaxy S3 Neo+,??GALAXY SIII Neo+?I9308i/16GB/??/??3G?,/cell_phone/index373697.shtml
1068,??,848,Galaxy S4,??GALAXY S4?I959/??3G?,/cell_phone/index347643.shtml
1068,??,848,Galaxy S4,??GALAXY S4?I9508/??3G?,/cell_phone/index349428.shtml
1068,??,848,Galaxy S4,??GALAXY S4?I9508V/??4G?,/cell_phone/index356982.shtml
1068,??,848,Galaxy S4,??GALAXY S4?I9502/??3G?,/cell_phone/index348347.shtml
1068,??,848,Galaxy S4,??GALAXY S4?I9507V/??4G?,/cell_phone/index373559.shtml
1069,??,4,Galaxy S4 Mini,??GALAXY S4 Mini?I9190/????,/cell_phone/index346386.shtml
1069,??,4,Galaxy S4 Mini,??GALAXY S4 Mini?I9198/????,/cell_phone/index349788.shtml
1069,??,4,Galaxy S4 Mini,??GALAXY S4 Mini?I9192/????,/cell_phone/index349785.shtml
1069,??,4,Galaxy S4 Mini,??GALAXY S4 Mini?I9195/??/LTE??,/cell_phone/index349787.shtml
1070,??,10,Galaxy S4 Zoom,??GALAXY S4 Zoom?C101/8GB/????,/cell_phone/index353416.shtml
1071,??,614,Galaxy S5,??GALAXY S5?G9006V/??4G?,/cell_phone/index352574.shtml
1071,??,614,Galaxy S5,??GALAXY S5?G9008V/??4G?,/cell_phone/index374176.shtml
1071,??,614,Galaxy S5,??GALAXY S5?G9008W/??4G?,/cell_phone/index382998.shtml
1071,??,614,Galaxy S5,??GALAXY S5?G9009W/??4G?,/cell_phone/index385410.shtml
1071,??,614,Galaxy S5,??GALAXY S5?G9006W/??4G?,/cell_phone/index385937.shtml
1071,??,614,Galaxy S5,??GALAXY S5?G9009D/??3G?,/cell_phone/index374241.shtml
1071,??,614,Galaxy S5,??GALAXY S5????/??3G?,/cell_phone/index374242.shtml
1073,??,228,Galaxy S6,??GALAXY S6?G9200/????,/cell_phone/index385541.shtml
1073,??,228,Galaxy S6,??GALAXY S6?G9208/??4G?,/cell_phone/index395347.shtml
1073,??,228,Galaxy S6,??GALAXY S6?G9209/??4G?,/cell_phone/index397656.shtml
1074,??,248,Galaxy S6 Edge,??GALAXY S6 Edge?G9250/????,/cell_phone/index392292.shtml
1075,??,196,Galaxy S6 Edge+,??GALAXY S6 Edge+?G9280/????,/cell_phone/index401594.shtml
1075,??,196,Galaxy S6 Edge+,??GALAXY S6 Edge+????/?4G?,/cell_phone/index1154613.shtml
1076,??,4,Galaxy S7,??GALAXY S7?G9300/????,/cell_phone/index398621.shtml
1076,??,4,Galaxy S7,??GALAXY S7?G9308/?4G?,/cell_phone/index1140556.shtml
1077,??,16,Galaxy S7 Edge,??GALAXY S7 Edge?G9350/????,/cell_phone/index1100338.shtml
1078,??,12,Galaxy Style DUOS,??I829?GALAXY Style Duos/????,/cell_phone/index348138.shtml
1080,??,6,Galaxy Tab 3 10.1,??GALAXY Tab 3 10.1?P5210?,/tablepc/index357146.shtml
1081,??,9,Galaxy Tab 3 7.0,??GALAXY Tab 3 7.0?T211?,/tablepc/index357562.shtml
1082,??,16,Galaxy Tab 3 8.0,??GALAXY Tab 3 8.0?T311?,/tablepc/index357563.shtml
1086,??,1,Galaxy Tab 4 T531,??GALAXY Tab 4 T531?3G??,/tablepc/index371130.shtml
1087,??,1,Galaxy Tab P6800,??Galaxy Tab 7.7 P6800?16GB??,/cell_phone/index309952.shtml
1094,??,2,Galaxy Trend,??I699?GALAXY Trend/????,/cell_phone/index334667.shtml
1095,??,10,Galaxy Trend 2,??GALAXY Trend II?I739/????,/cell_phone/index344639.shtml
1095,??,10,Galaxy Trend 2,??GALAXY Trend II?S7898i/??3G?,/cell_phone/index374612.shtml
1096,??,38,Galaxy Trend 3,??GALAXY Trend 3?G3502i/????,/cell_phone/index367730.shtml
1096,??,38,Galaxy Trend 3,??GALAXY Trend 3?G3508/??3G?,/cell_phone/index362936.shtml
1096,??,38,Galaxy Trend 3,??GALAXY Trend 3?G3502/????,/cell_phone/index362850.shtml
1096,??,38,Galaxy Trend 3,??GALAXY Trend 3?G3509/????,/cell_phone/index362925.shtml
1096,??,38,Galaxy Trend 3,??GALAXY Trend 3?G3502U?,/cell_phone/index362922.shtml
1096,??,38,Galaxy Trend 3,??GALAXY Trend 3?G3509i/????,/cell_phone/index359858.shtml
1096,??,38,Galaxy Trend 3,??GALAXY Trend 3?G3502C?,/cell_phone/index367731.shtml
1096,??,38,Galaxy Trend 3,??GALAXY Trend 3?G3508i/??3G?,/cell_phone/index371491.shtml
1097,??,10,Galaxy Trend DUOS,??GALAXY Trend Duos?S7562?,/cell_phone/index331737.shtml
1097,??,10,Galaxy Trend DUOS,??GALAXY Trend Duos?S7562i/????,/cell_phone/index335741.shtml
1097,??,10,Galaxy Trend DUOS,??GALAXY Trend Duos?S7562C/????,/cell_phone/index362950.shtml
1098,??,11,Galaxy Trend DUOS 2,??S7572?GALAXY Trend Duos II?,/cell_phone/index347702.shtml
1099,??,1,Galaxy W,??GALAXY Note 4?N9109W/??4G?,/cell_phone/index387808.shtml
1099,??,1,Galaxy W,??I8150?GALAXY W?,/cell_phone/index296310.shtml
1100,??,87,Galaxy Win,??I8552?GALAXY Win?,/cell_phone/index347707.shtml
1100,??,87,Galaxy Win,??I869?GALAXY Win/????,/cell_phone/index350633.shtml
1100,??,87,Galaxy Win,??I8558?GALAXY Win/??3G?,/cell_phone/index351350.shtml
1100,??,87,Galaxy Win,??I8550?GALAXY Win?,/cell_phone/index353426.shtml
1101,??,20,Galaxy Win Pro,??GALAXY Win Pro?G3812/????,/cell_phone/index365480.shtml
1102,??,1,I699I,??I699i,/cell_phone/index365939.shtml
1103,??,18,I8268,,/cell_phone/index346397.shtml
1104,??,2,I9050,??I9050?????,/cell_phone/index322535.shtml
1105,??,2,I9118,??I9118,/cell_phone/index363320.shtml
1108,??,6,S5830I,??S5830i,/cell_phone/index309046.shtml
1109,??,2,S7566,??S7566,/cell_phone/index344638.shtml
1110,??,11,S7568,??S7568???3G?,/cell_phone/index338211.shtml
1111,??,5,S7568I,??S7568I???3G?,/cell_phone/index364293.shtml
1112,??,9,S7898,??S7898?????,/cell_phone/index355740.shtml
1112,??,9,S7898,??GALAXY Trend II?S7898i/??3G?,/cell_phone/index374612.shtml
1117,??,11,W2013,??W2013???3G?,/cell_phone/index339622.shtml
1118,??,22,W2014,??W2014???3G?,/cell_phone/index361883.shtml
1119,??,19,W2015,??W2015???4G?,/cell_phone/index390314.shtml
1120,??,1,W789,??W789?????,/cell_phone/index359994.shtml
1122,??,27,??big foot,??Bigfoot,/cell_phone/index193231.shtml
1124,??,25,9180,??V5?U9180/???/??4G?,/cell_phone/index375152.shtml
1124,??,25,9180,??V5?U9180/???/??4G?,/cell_phone/index376549.shtml
1124,??,25,9180,??V5?N9180/??3G?,/cell_phone/index376883.shtml
1124,??,25,9180,??V5?V9180/???/??3G?,/cell_phone/index389557.shtml
1124,??,25,9180,??V5?V9180/???/??3G?,/cell_phone/index389548.shtml
1125,??,11,A880,,/cell_phone/index390131.shtml
1127,??,13,Axon??,??AXON???A2015/???/????,/cell_phone/index403440.shtml
1127,??,13,Axon??,??AXON??????/????,/cell_phone/index405495.shtml
1127,??,13,Axon??,??AXON???A2015/??4G?,/cell_phone/index1146335.shtml
1129,??,10,Blade A1,??Blade A1?C880A/????,/cell_phone/index1116747.shtml
1129,??,10,Blade A1,??Blade A1?C880U/??4G?,/cell_phone/index1116840.shtml
1130,??,7,Blade S6,??Blade S6?Q5-C/??4G?,/cell_phone/index402620.shtml
1131,??,7,Blade S6 Lux,??Blade S6 Lux??4G?,/cell_phone/index403396.shtml
1132,??,24,??V5,,/cell_phone/index376549.shtml
1133,??,1,DM,??DM ?Q2S-C/??4G?,/cell_phone/index395381.shtml
1134,??,1,??,?????Q806T/?4G?,/cell_phone/index404053.shtml
1136,??,3,??3,????3?Q529C/??4G?,/cell_phone/index1102558.shtml
1136,??,3,??3,????3?Q529C/?4G?,/cell_phone/index1144439.shtml
1136,??,3,??3,????3?Q529T/??4G?,/cell_phone/index1140451.shtml
1138,??,20,G718C,????2?G718C/??4G?,/cell_phone/index384021.shtml
1139,??,2,Grand Memo,??Grand Memo?N5/?3G/16GB?,/cell_phone/index345975.shtml
1139,??,2,Grand Memo,??Grand Memo?U9815/??4G?,/cell_phone/index356980.shtml
1139,??,2,Grand Memo,??Grand Memo?U5/????,/cell_phone/index352268.shtml
1140,??,13,Grand Memo 2,??Grand Memo II?M901C/????,/cell_phone/index369929.shtml
1141,??,26,Grand S 2,??Grand S II???TD-LTE/????,/cell_phone/index369236.shtml
1141,??,26,Grand S 2,??Grand S II??3G/????,/cell_phone/index379729.shtml
1142,??,1,Grand X,??Grand X?U970?,/cell_phone/index312709.shtml
1142,??,1,Grand X,??Grand X?V970?,/cell_phone/index331559.shtml
1142,??,1,Grand X,??Grand X?N970?,/cell_phone/index328190.shtml
1143,??,4,Grand X Quad,??V987?Grand X Quad/????,/cell_phone/index345177.shtml
1144,??,3,memo 5S,??memo 5S????/N5S?,/cell_phone/index362270.shtml
1144,??,3,memo 5S,??memo 5S????/U5S?,/cell_phone/index363460.shtml
1144,??,3,memo 5S,??memo 5S????/V5S?,/cell_phone/index363463.shtml
1145,??,1,N880F,??N880F?????,/cell_phone/index336185.shtml
1146,??,1,N881F,??N881F?????,/cell_phone/index346370.shtml
1148,??,1,N919,??N919D???/????,/cell_phone/index367307.shtml
1149,??,1,Q201T,??Q201T???3G?,/cell_phone/index367740.shtml
1152,??,1,Q501T,??Q501T?????,/cell_phone/index367738.shtml
1153,??,1,Q501U,??Q501U?????,/cell_phone/index368547.shtml
1154,??,2,Q503U,??Q503U???3G?,/cell_phone/index380493.shtml
1155,??,15,Q505T,??Q505T???4G?,/cell_phone/index381404.shtml
1156,??,3,Q507T,??Q507T???4G?,/cell_phone/index386447.shtml
1157,??,3,Q519T,??Q519T???4G?,/cell_phone/index401650.shtml
1159,??,2,Q701C,??Q701C?????,/cell_phone/index375284.shtml
1160,??,4,Q705U,??Q705U?????,/cell_phone/index374963.shtml
1162,??,11,Q802T,,/cell_phone/index380989.shtml
1163,??,1,U793,??U793?????,/cell_phone/index352820.shtml
1164,??,2,U795+,??U795+?????,/cell_phone/index340819.shtml
1165,??,1,U807,??U807???3G?,/cell_phone/index347909.shtml
1166,??,1,U808,??U808???3G?,/cell_phone/index350628.shtml
1167,??,1,U809,??U809?????,/cell_phone/index364891.shtml
1168,??,5,U817,??U817???3G?,/cell_phone/index348133.shtml
1169,??,1,U818,??U818?????,/cell_phone/index374956.shtml
1170,??,3,U879,??U879???3G?,/cell_phone/index363304.shtml
1171,??,1,U880E,??U880E?????,/cell_phone/index317444.shtml
1172,??,1,U880F1,??U880F1?????,/cell_phone/index342618.shtml
1173,??,4,U930HD,??U930HD?????,/cell_phone/index349585.shtml
1174,??,4,U950,??U950?????,/cell_phone/index337345.shtml
1175,??,1,U956,??U956???3G?,/cell_phone/index345180.shtml
1177,??,1,U969,??U969,/cell_phone/index366405.shtml
1178,??,40,V5 Max,??V5 MAX?N958St/?4G?,/cell_phone/index390761.shtml
1178,??,40,V5 Max,??V5 MAX?????,/cell_phone/index397515.shtml
1179,??,27,V5S,??V5S??4G?,/cell_phone/index390762.shtml
1179,??,27,V5S,??V5S???4G?,/cell_phone/index392526.shtml
1180,??,1,V788D,??V788D,/cell_phone/index310542.shtml
1181,??,1,V889M,??V889M,/cell_phone/index334872.shtml
1182,??,1,V955,??V955,/cell_phone/index340401.shtml
1183,??,6,V967S,??V967S?????,/cell_phone/index346906.shtml
1185,??,11,??3,????3????/????,/cell_phone/index405356.shtml
1185,??,11,??3,????3?N939St/???/?4G?,/cell_phone/index414527.shtml
1185,??,11,??3,????3?N939Sc/???/????,/cell_phone/index1099611.shtml
1186,??,9,??2,????2?B880/??4G?,/cell_phone/index399727.shtml
1187,??,3,??3,????3?????,/cell_phone/index1102397.shtml
1189,??,14,??1?,????1????4G/16GB ROM?,/cell_phone/index376858.shtml
1189,??,14,??1?,????1?????/32GB ROM?,/cell_phone/index377479.shtml
1190,??,11,??2?,????2??S2005/?4G?,/cell_phone/index393554.shtml
1190,??,11,??2?,????2??G720T/??4G?,/cell_phone/index396303.shtml
1190,??,11,??2?,????2??G720C/??4G?,/cell_phone/index396072.shtml
1190,??,11,??2?,????2??G720T/??4G?,/cell_phone/index396305.shtml
1191,??,3,????3,????3?Q529C/??4G?,/cell_phone/index1102558.shtml
1191,??,3,????3,????3?Q529C/?4G?,/cell_phone/index1144439.shtml
1191,??,3,????3,????3?Q529T/??4G?,/cell_phone/index1140451.shtml
1192,????,83,A1,????A1?M623C/??4G?,/cell_phone/index402645.shtml
1193,????,2,M601,????M601,/cell_phone/index359281.shtml
1194,????,20,M811,????M811,/cell_phone/index379912.shtml
1195,????,39,M812C,M812 (??),/cell_phone/index387649.shtml
1196,????,53,N1,????N1?M821/??4G?,/cell_phone/index402647.shtml
1197,????,10,N1 max,????N1 max?M823/??4G?,/cell_phone/index402804.shtml
1199,??,310,,???1?X600/?4G?,/cell_phone/index394650.shtml
1200,??,184,,???1 Pro?????,/cell_phone/index404044.shtml
1200,??,184,,???1 Pro???4G?,/cell_phone/index399595.shtml
1200,??,184,,???1 Pro??4G?,/cell_phone/index396018.shtml
1201,??,579,,???1S?X500/?4G?,/cell_phone/index1100714.shtml
1201,??,579,,???1S?X501/????/?4G?,/cell_phone/index1138147.shtml
1201,??,579,,???1S?X502/?4G?,/cell_phone/index1154834.shtml
1202,??,69,,???Max?X900/?4G?,/cell_phone/index396017.shtml
1202,??,69,,???Max?????,/cell_phone/index404042.shtml
1202,??,69,,???Max?????/????,/cell_phone/index1100000.shtml
1202,??,69,,???Max?X906/??4G?,/cell_phone/index399590.shtml
1202,??,69,,???Max?X908/??4G?,/cell_phone/index911926.shtml
1202,??,69,,???Max?????/?4G?,/cell_phone/index1100002.shtml
1206,??,3,I95,??I95???4G?,/cell_phone/index395326.shtml
1207,??,6,P2,??P2???4G?,/cell_phone/index393164.shtml
1209,??,1,P3,??P3,/cell_phone/index380854.shtml
